station_id,date,temperature,RH,dew_point,longitude,latitude,dt
S-THC 21317937:21326446,2023-08-01 6:00,14.51966667,65.371,8.113166667,-73.535417,45.511028,2023-08-01 6:00
S-THC 21317938:21206238,2023-08-01 6:00,13.8975,67.66158333,8.02225,-73.532472,45.518028,2023-08-01 6:00
S-THC 21317939:21326342,2023-08-01 6:00,14.40716667,61.08258333,7.006083333,-73.586583,45.465944,2023-08-01 6:00
S-THC 21317940:21326448,2023-08-01 6:00,12.96441667,69.22125,7.466583333,-73.648944,45.493556,2023-08-01 6:00
S-THC 21317941:21348257,2023-08-01 6:00,13.59725,66.62066667,7.512416667,-73.573583,45.593194,2023-08-01 6:00
S-THC 21317942:21326340,2023-08-01 6:00,13.2685,71.35191667,8.198916667,-73.556306,45.575694,2023-08-01 6:00
S-THC 21317943:21326444,2023-08-01 6:00,10.3855,89.78466667,8.791166667,-73.568444,45.593944,2023-08-01 6:00
S-THC 21317947:21348259,2023-08-01 6:00,13.7315,69.41808333,8.206583333,-73.615361,45.524389,2023-08-01 6:00
S-THC 21317948:21326445,2023-08-01 6:00,14.34258333,64.68841667,7.780416667,-73.519722,45.580972,2023-08-01 6:00
S-THC 21317949:21206231,2023-08-01 6:00,13.74566667,67.96541667,7.924666667,-73.624667,45.57175,2023-08-01 6:00
S-THC 21317950:21326337,2023-08-01 6:00,13.15225,69.33708333,7.671166667,-73.644056,45.53125,2023-08-01 6:00
S-THC 21317953:21348258,2023-08-01 6:00,13.3685,67.37066667,7.434666667,-73.559639,45.573333,2023-08-01 6:00
S-THC 21317958:21206230,2023-08-01 6:00,12.96825,70.57083333,7.758833333,-73.597917,45.585361,2023-08-01 6:00
S-THC 21317959:21326443,2023-08-01 6:00,13.5795,65.77558333,7.31025,-73.521556,45.586333,2023-08-01 6:00
S-THC 21317960:21336805,2023-08-01 6:00,12.91991667,71.55416667,7.9125,-73.596472,45.586306,2023-08-01 6:00
S-THC 21317937:21326446,2023-08-01 7:00,15.93866667,60.22075,8.241916667,-73.535417,45.511028,2023-08-01 7:00
S-THC 21317938:21206238,2023-08-01 7:00,15.31333333,63.00116667,8.32075,-73.532472,45.518028,2023-08-01 7:00
S-THC 21317939:21326342,2023-08-01 7:00,16.63758333,54.5755,7.452083333,-73.586583,45.465944,2023-08-01 7:00
S-THC 21317940:21326448,2023-08-01 7:00,14.14075,63.90041667,7.418083333,-73.648944,45.493556,2023-08-01 7:00
S-THC 21317941:21348257,2023-08-01 7:00,14.78591667,61.85975,7.5575,-73.573583,45.593194,2023-08-01 7:00
S-THC 21317942:21326340,2023-08-01 7:00,14.11558333,67.35183333,8.1705,-73.556306,45.575694,2023-08-01 7:00
S-THC 21317943:21326444,2023-08-01 7:00,11.98341667,83.72008333,9.323166667,-73.568444,45.593944,2023-08-01 7:00
S-THC 21317947:21348259,2023-08-01 7:00,16.04775,60.06525,8.308916667,-73.615361,45.524389,2023-08-01 7:00
S-THC 21317948:21326445,2023-08-01 7:00,16.9325,56.91175,8.340583333,-73.519722,45.580972,2023-08-01 7:00
S-THC 21317949:21206231,2023-08-01 7:00,16.51441667,58.10691667,8.260333333,-73.624667,45.57175,2023-08-01 7:00
S-THC 21317950:21326337,2023-08-01 7:00,15.1255,61.24508333,7.706666667,-73.644056,45.53125,2023-08-01 7:00
S-THC 21317953:21348258,2023-08-01 7:00,15.25416667,58.62108333,7.20875,-73.559639,45.573333,2023-08-01 7:00
S-THC 21317958:21206230,2023-08-01 7:00,14.03175,66.78558333,7.964,-73.597917,45.585361,2023-08-01 7:00
S-THC 21317959:21326443,2023-08-01 7:00,15.29533333,60.7845,7.772833333,-73.521556,45.586333,2023-08-01 7:00
S-THC 21317960:21336805,2023-08-01 7:00,14.45525,66.2025,8.238583333,-73.596472,45.586306,2023-08-01 7:00
S-THC 21317937:21326446,2023-08-01 8:00,17.32933333,56.83958333,8.691833333,-73.535417,45.511028,2023-08-01 8:00
S-THC 21317938:21206238,2023-08-01 8:00,15.95475,61.04808333,8.464083333,-73.532472,45.518028,2023-08-01 8:00
S-THC 21317939:21326342,2023-08-01 8:00,18.37316667,50.87516667,8.03125,-73.586583,45.465944,2023-08-01 8:00
S-THC 21317940:21326448,2023-08-01 8:00,15.57241667,59.20816667,7.655166667,-73.648944,45.493556,2023-08-01 8:00
S-THC 21317941:21348257,2023-08-01 8:00,16.441,57.88458333,8.133583333,-73.573583,45.593194,2023-08-01 8:00
S-THC 21317942:21326340,2023-08-01 8:00,15.17908333,65.89241667,8.859833333,-73.556306,45.575694,2023-08-01 8:00
S-THC 21317943:21326444,2023-08-01 8:00,14.54108333,77.63433333,10.68875,-73.568444,45.593944,2023-08-01 8:00
S-THC 21317947:21348259,2023-08-01 8:00,17.63491667,56.504,8.892833333,-73.615361,45.524389,2023-08-01 8:00
S-THC 21317948:21326445,2023-08-01 8:00,19.23466667,51.45783333,8.99025,-73.519722,45.580972,2023-08-01 8:00
S-THC 21317949:21206231,2023-08-01 8:00,18.12466667,54.39825,8.792,-73.624667,45.57175,2023-08-01 8:00
S-THC 21317950:21326337,2023-08-01 8:00,16.75358333,57.19058333,8.252916667,-73.644056,45.53125,2023-08-01 8:00
S-THC 21317953:21348258,2023-08-01 8:00,16.65533333,55.0285,7.594333333,-73.559639,45.573333,2023-08-01 8:00
S-THC 21317958:21206230,2023-08-01 8:00,15.85125,61.81133333,8.537166667,-73.597917,45.585361,2023-08-01 8:00
S-THC 21317959:21326443,2023-08-01 8:00,17.14525,55.8745,8.272166667,-73.521556,45.586333,2023-08-01 8:00
S-THC 21317960:21336805,2023-08-01 8:00,15.82433333,63.07858333,8.82375,-73.596472,45.586306,2023-08-01 8:00
S-THC 21317937:21326446,2023-08-01 21:00,18.62858333,58.02708333,10.22516667,-73.535417,45.511028,2023-08-01 21:00
S-THC 21317938:21206238,2023-08-01 21:00,17.79758333,62.83408333,10.62791667,-73.532472,45.518028,2023-08-01 21:00
S-THC 21317939:21326342,2023-08-01 21:00,19.21491667,51.85916667,9.093333333,-73.586583,45.465944,2023-08-01 21:00
S-THC 21317940:21326448,2023-08-01 21:00,19.33825,51.42858333,9.08375,-73.648944,45.493556,2023-08-01 21:00
S-THC 21317941:21348257,2023-08-01 21:00,19.62425,52.49816667,9.648666667,-73.573583,45.593194,2023-08-01 21:00
S-THC 21317942:21326340,2023-08-01 21:00,17.99766667,57.818,9.575,-73.556306,45.575694,2023-08-01 21:00
S-THC 21317943:21326444,2023-08-01 21:00,15.48658333,75.39675,11.16725,-73.568444,45.593944,2023-08-01 21:00
S-THC 21317947:21348259,2023-08-01 21:00,18.08883333,60.11,10.24458333,-73.615361,45.524389,2023-08-01 21:00
S-THC 21317948:21326445,2023-08-01 21:00,18.23725,57.48183333,9.712416667,-73.519722,45.580972,2023-08-01 21:00
S-THC 21317949:21206231,2023-08-01 21:00,18.52508333,57.58016667,10.00158333,-73.624667,45.57175,2023-08-01 21:00
S-THC 21317950:21326337,2023-08-01 21:00,19.44366667,53.37758333,9.732833333,-73.644056,45.53125,2023-08-01 21:00
S-THC 21317953:21348258,2023-08-01 21:00,17.67425,58.63758333,9.477333333,-73.559639,45.573333,2023-08-01 21:00
S-THC 21317958:21206230,2023-08-01 21:00,19.08808333,56.22683333,10.17733333,-73.597917,45.585361,2023-08-01 21:00
S-THC 21317959:21326443,2023-08-01 21:00,19.22383333,54.4645,9.831,-73.521556,45.586333,2023-08-01 21:00
S-THC 21317960:21336805,2023-08-01 21:00,18.23716667,59.4775,10.2225,-73.596472,45.586306,2023-08-01 21:00
S-THC 21317937:21326446,2023-08-02 6:00,15.778,68.94558333,10.10266667,-73.535417,45.511028,2023-08-02 6:00
S-THC 21317938:21206238,2023-08-02 6:00,15.17183333,70.46058333,9.842583333,-73.532472,45.518028,2023-08-02 6:00
S-THC 21317939:21326342,2023-08-02 6:00,15.47941667,67.02708333,9.377083333,-73.586583,45.465944,2023-08-02 6:00
S-THC 21317940:21326448,2023-08-02 6:00,13.68133333,78.82916667,10.08283333,-73.648944,45.493556,2023-08-02 6:00
S-THC 21317941:21348257,2023-08-02 6:00,14.41225,72.08708333,9.453166667,-73.573583,45.593194,2023-08-02 6:00
S-THC 21317942:21326340,2023-08-02 6:00,13.56691667,79.03991667,10.00475,-73.556306,45.575694,2023-08-02 6:00
S-THC 21317943:21326444,2023-08-02 6:00,11.16125,94.1195,10.26316667,-73.568444,45.593944,2023-08-02 6:00
S-THC 21317947:21348259,2023-08-02 6:00,14.76258333,75.65566667,10.46008333,-73.615361,45.524389,2023-08-02 6:00
S-THC 21317948:21326445,2023-08-02 6:00,15.13275,72.23941667,10.14058333,-73.519722,45.580972,2023-08-02 6:00
S-THC 21317949:21206231,2023-08-02 6:00,14.40691667,75.87158333,10.18016667,-73.624667,45.57175,2023-08-02 6:00
S-THC 21317950:21326337,2023-08-02 6:00,13.43108333,78.46608333,9.77425,-73.644056,45.53125,2023-08-02 6:00
S-THC 21317953:21348258,2023-08-02 6:00,13.77791667,78.53883333,10.094,-73.559639,45.573333,2023-08-02 6:00
S-THC 21317958:21206230,2023-08-02 6:00,13.45425,77.52908333,9.615916667,-73.597917,45.585361,2023-08-02 6:00
S-THC 21317959:21326443,2023-08-02 6:00,13.92458333,73.18833333,9.216083333,-73.521556,45.586333,2023-08-02 6:00
S-THC 21317960:21336805,2023-08-02 6:00,13.13983333,79.79591667,9.732083333,-73.596472,45.586306,2023-08-02 6:00
S-THC 21317937:21326446,2023-08-02 7:00,18.19966667,60.165,10.33816667,-73.535417,45.511028,2023-08-02 7:00
S-THC 21317938:21206238,2023-08-02 7:00,16.45708333,68.75733333,10.70175,-73.532472,45.518028,2023-08-02 7:00
S-THC 21317939:21326342,2023-08-02 7:00,18.28175,60.54358333,10.53008333,-73.586583,45.465944,2023-08-02 7:00
S-THC 21317940:21326448,2023-08-02 7:00,15.86541667,71.70225,10.77425,-73.648944,45.493556,2023-08-02 7:00
S-THC 21317941:21348257,2023-08-02 7:00,16.53391667,64.53758333,9.831583333,-73.573583,45.593194,2023-08-02 7:00
S-THC 21317942:21326340,2023-08-02 7:00,15.01275,72.34125,10.08616667,-73.556306,45.575694,2023-08-02 7:00
S-THC 21317943:21326444,2023-08-02 7:00,12.33733333,93.14458333,11.27266667,-73.568444,45.593944,2023-08-02 7:00
S-THC 21317947:21348259,2023-08-02 7:00,17.667,64.0405,10.791,-73.615361,45.524389,2023-08-02 7:00
S-THC 21317948:21326445,2023-08-02 7:00,18.66266667,58.46708333,10.334,-73.519722,45.580972,2023-08-02 7:00
S-THC 21317949:21206231,2023-08-02 7:00,17.93341667,62.15275,10.59966667,-73.624667,45.57175,2023-08-02 7:00
S-THC 21317950:21326337,2023-08-02 7:00,16.691,66.048,10.29133333,-73.644056,45.53125,2023-08-02 7:00
S-THC 21317953:21348258,2023-08-02 7:00,17.213,61.21416667,9.671666667,-73.559639,45.573333,2023-08-02 7:00
S-THC 21317958:21206230,2023-08-02 7:00,15.14883333,71.39033333,10.01683333,-73.597917,45.585361,2023-08-02 7:00
S-THC 21317959:21326443,2023-08-02 7:00,16.39458333,64.9135,9.763166667,-73.521556,45.586333,2023-08-02 7:00
S-THC 21317960:21336805,2023-08-02 7:00,15.47225,69.93383333,10.01925,-73.596472,45.586306,2023-08-02 7:00
S-THC 21317937:21326446,2023-08-02 8:00,19.38825,62.6985,12.10233333,-73.535417,45.511028,2023-08-02 8:00
S-THC 21317938:21206238,2023-08-02 8:00,17.23816667,70.49741667,11.82975,-73.532472,45.518028,2023-08-02 8:00
S-THC 21317939:21326342,2023-08-02 8:00,19.52566667,64.677,12.70783333,-73.586583,45.465944,2023-08-02 8:00
S-THC 21317940:21326448,2023-08-02 8:00,17.72958333,67.65941667,11.65808333,-73.648944,45.493556,2023-08-02 8:00
S-THC 21317941:21348257,2023-08-02 8:00,18.61616667,56.90475,9.903416667,-73.573583,45.593194,2023-08-02 8:00
S-THC 21317942:21326340,2023-08-02 8:00,16.77516667,65.36208333,10.2425,-73.556306,45.575694,2023-08-02 8:00
S-THC 21317943:21326444,2023-08-02 8:00,15.449,83.58683333,12.668,-73.568444,45.593944,2023-08-02 8:00
S-THC 21317947:21348259,2023-08-02 8:00,19.69758333,59.47025,11.59025,-73.615361,45.524389,2023-08-02 8:00
S-THC 21317948:21326445,2023-08-02 8:00,20.73416667,52.33725,10.62233333,-73.519722,45.580972,2023-08-02 8:00
S-THC 21317949:21206231,2023-08-02 8:00,19.4115,58.36775,11.03916667,-73.624667,45.57175,2023-08-02 8:00
S-THC 21317950:21326337,2023-08-02 8:00,19.5205,56.53091667,10.65475,-73.644056,45.53125,2023-08-02 8:00
S-THC 21317953:21348258,2023-08-02 8:00,19.31675,53.08641667,9.525083333,-73.559639,45.573333,2023-08-02 8:00
S-THC 21317958:21206230,2023-08-02 8:00,17.78508333,61.04333333,10.14566667,-73.597917,45.585361,2023-08-02 8:00
S-THC 21317959:21326443,2023-08-02 8:00,19.2755,54.75875,9.954833333,-73.521556,45.586333,2023-08-02 8:00
S-THC 21317960:21336805,2023-08-02 8:00,17.47575,62.05683333,10.129,-73.596472,45.586306,2023-08-02 8:00
S-THC 21317937:21326446,2023-08-02 13:00,23.07366667,42.97458333,9.747,-73.535417,45.511028,2023-08-02 13:00
S-THC 21317938:21206238,2023-08-02 13:00,20.273,58.0065,11.74941667,-73.532472,45.518028,2023-08-02 13:00
S-THC 21317939:21326342,2023-08-02 13:00,24.27308333,30.98625,6.0625,-73.586583,45.465944,2023-08-02 13:00
S-THC 21317940:21326448,2023-08-02 13:00,24.00491667,34.14458333,7.24125,-73.648944,45.493556,2023-08-02 13:00
S-THC 21317941:21348257,2023-08-02 13:00,24.14441667,35.56183333,7.959083333,-73.573583,45.593194,2023-08-02 13:00
S-THC 21317942:21326340,2023-08-02 13:00,21.75625,49.23416667,10.63858333,-73.556306,45.575694,2023-08-02 13:00
S-THC 21317943:21326444,2023-08-02 13:00,22.97375,53.0445,12.85175,-73.568444,45.593944,2023-08-02 13:00
S-THC 21317947:21348259,2023-08-02 13:00,23.66183333,40.13666667,9.324666667,-73.615361,45.524389,2023-08-02 13:00
S-THC 21317948:21326445,2023-08-02 13:00,23.5135,41.32866667,9.623083333,-73.519722,45.580972,2023-08-02 13:00
S-THC 21317949:21206231,2023-08-02 13:00,23.73683333,39.28966667,9.073166667,-73.624667,45.57175,2023-08-02 13:00
S-THC 21317950:21326337,2023-08-02 13:00,24.06383333,37.45308333,8.659583333,-73.644056,45.53125,2023-08-02 13:00
S-THC 21317953:21348258,2023-08-02 13:00,24.61625,38.07383333,9.384083333,-73.559639,45.573333,2023-08-02 13:00
S-THC 21317958:21206230,2023-08-02 13:00,24.31233333,36.10358333,8.340166667,-73.597917,45.585361,2023-08-02 13:00
S-THC 21317959:21326443,2023-08-02 13:00,23.53841667,40.19533333,9.2375,-73.521556,45.586333,2023-08-02 13:00
S-THC 21317960:21336805,2023-08-02 13:00,23.39358333,39.82475,8.969416667,-73.596472,45.586306,2023-08-02 13:00
S-THC 21317937:21326446,2023-08-02 14:00,26.14975,33.67675,8.858333333,-73.535417,45.511028,2023-08-02 14:00
S-THC 21317938:21206238,2023-08-02 14:00,21.9245,49.3105,10.80766667,-73.532472,45.518028,2023-08-02 14:00
S-THC 21317939:21326342,2023-08-02 14:00,24.50183333,31.98425,6.719166667,-73.586583,45.465944,2023-08-02 14:00
S-THC 21317940:21326448,2023-08-02 14:00,24.36775,34.80708333,7.8475,-73.648944,45.493556,2023-08-02 14:00
S-THC 21317941:21348257,2023-08-02 14:00,24.44633333,35.43858333,8.186916667,-73.573583,45.593194,2023-08-02 14:00
S-THC 21317942:21326340,2023-08-02 14:00,22.509,44.50583333,9.80125,-73.556306,45.575694,2023-08-02 14:00
S-THC 21317943:21326444,2023-08-02 14:00,23.37225,51.8205,12.85733333,-73.568444,45.593944,2023-08-02 14:00
S-THC 21317947:21348259,2023-08-02 14:00,24.114,39.85316667,9.624,-73.615361,45.524389,2023-08-02 14:00
S-THC 21317948:21326445,2023-08-02 14:00,24.28358333,37.461,8.850916667,-73.519722,45.580972,2023-08-02 14:00
S-THC 21317949:21206231,2023-08-02 14:00,24.06041667,38.99516667,9.25625,-73.624667,45.57175,2023-08-02 14:00
S-THC 21317950:21326337,2023-08-02 14:00,24.61625,36.93333333,8.947166667,-73.644056,45.53125,2023-08-02 14:00
S-THC 21317953:21348258,2023-08-02 14:00,25.02375,34.3685,8.23425,-73.559639,45.573333,2023-08-02 14:00
S-THC 21317958:21206230,2023-08-02 14:00,24.66975,36.94666667,8.99725,-73.597917,45.585361,2023-08-02 14:00
S-THC 21317959:21326443,2023-08-02 14:00,24.43033333,36.34641667,8.539833333,-73.521556,45.586333,2023-08-02 14:00
S-THC 21317960:21336805,2023-08-02 14:00,23.70466667,40.25108333,9.41225,-73.596472,45.586306,2023-08-02 14:00
S-THC 21317937:21326446,2023-08-02 15:00,26.66108333,35.98583333,10.35133333,-73.535417,45.511028,2023-08-02 15:00
S-THC 21317938:21206238,2023-08-02 15:00,22.77708333,46.60825,10.74708333,-73.532472,45.518028,2023-08-02 15:00
S-THC 21317939:21326342,2023-08-02 15:00,25.07916667,33.86425,8.072333333,-73.586583,45.465944,2023-08-02 15:00
S-THC 21317940:21326448,2023-08-02 15:00,23.99433333,36.67583333,8.293916667,-73.648944,45.493556,2023-08-02 15:00
S-THC 21317941:21348257,2023-08-02 15:00,24.84141667,36.36083333,8.914416667,-73.573583,45.593194,2023-08-02 15:00
S-THC 21317942:21326340,2023-08-02 15:00,22.5895,46.19925,10.451,-73.556306,45.575694,2023-08-02 15:00
S-THC 21317943:21326444,2023-08-02 15:00,23.06833333,55.97041667,13.77833333,-73.568444,45.593944,2023-08-02 15:00
S-THC 21317947:21348259,2023-08-02 15:00,24.61975,40.13225,10.18308333,-73.615361,45.524389,2023-08-02 15:00
S-THC 21317948:21326445,2023-08-02 15:00,24.73233333,37.69783333,9.350083333,-73.519722,45.580972,2023-08-02 15:00
S-THC 21317949:21206231,2023-08-02 15:00,24.24458333,39.56875,9.641916667,-73.624667,45.57175,2023-08-02 15:00
S-THC 21317950:21326337,2023-08-02 15:00,25.19166667,36.7665,9.390083333,-73.644056,45.53125,2023-08-02 15:00
S-THC 21317953:21348258,2023-08-02 15:00,25.33833333,35.03091667,8.798916667,-73.559639,45.573333,2023-08-02 15:00
S-THC 21317958:21206230,2023-08-02 15:00,24.94158333,37.97808333,9.648166667,-73.597917,45.585361,2023-08-02 15:00
S-THC 21317959:21326443,2023-08-02 15:00,25.04516667,36.327,9.072666667,-73.521556,45.586333,2023-08-02 15:00
S-THC 21317960:21336805,2023-08-02 15:00,24.1515,40.65916667,9.963083333,-73.596472,45.586306,2023-08-02 15:00
S-THC 21317937:21326446,2023-08-02 17:00,26.29266667,37.75366667,10.74025,-73.535417,45.511028,2023-08-02 17:00
S-THC 21317938:21206238,2023-08-02 17:00,22.2945,49.96958333,11.37033333,-73.532472,45.518028,2023-08-02 17:00
S-THC 21317939:21326342,2023-08-02 17:00,24.845,37.05708333,9.166166667,-73.586583,45.465944,2023-08-02 17:00
S-THC 21317940:21326448,2023-08-02 17:00,23.92283333,40.11666667,9.555166667,-73.648944,45.493556,2023-08-02 17:00
S-THC 21317941:21348257,2023-08-02 17:00,24.95391667,36.78433333,9.187166667,-73.573583,45.593194,2023-08-02 17:00
S-THC 21317942:21326340,2023-08-02 17:00,22.87166667,45.06466667,10.33466667,-73.556306,45.575694,2023-08-02 17:00
S-THC 21317943:21326444,2023-08-02 17:00,21.69925,63.99183333,14.57558333,-73.568444,45.593944,2023-08-02 17:00
S-THC 21317947:21348259,2023-08-02 17:00,23.91566667,42.99391667,10.58408333,-73.615361,45.524389,2023-08-02 17:00
S-THC 21317948:21326445,2023-08-02 17:00,24.47325,39.06266667,9.646416667,-73.519722,45.580972,2023-08-02 17:00
S-THC 21317949:21206231,2023-08-02 17:00,24.40166667,40.97083333,10.29575,-73.624667,45.57175,2023-08-02 17:00
S-THC 21317950:21326337,2023-08-02 17:00,25.39016667,38.87025,10.3935,-73.644056,45.53125,2023-08-02 17:00
S-THC 21317953:21348258,2023-08-02 17:00,25.58508333,35.58458333,9.246583333,-73.559639,45.573333,2023-08-02 17:00
S-THC 21317958:21206230,2023-08-02 17:00,25.01291667,39.2795,10.21758333,-73.597917,45.585361,2023-08-02 17:00
S-THC 21317959:21326443,2023-08-02 17:00,25.097,37.1465,9.4515,-73.521556,45.586333,2023-08-02 17:00
S-THC 21317960:21336805,2023-08-02 17:00,24.16041667,41.20541667,10.16875,-73.596472,45.586306,2023-08-02 17:00
S-THC 21317937:21326446,2023-08-02 19:00,23.38483333,48.55316667,11.91516667,-73.535417,45.511028,2023-08-02 19:00
S-THC 21317938:21206238,2023-08-02 19:00,21.138,56.03541667,12.0375,-73.532472,45.518028,2023-08-02 19:00
S-THC 21317939:21326342,2023-08-02 19:00,23.685,45.81241667,11.29208333,-73.586583,45.465944,2023-08-02 19:00
S-THC 21317940:21326448,2023-08-02 19:00,23.22025,45.29391667,10.73725,-73.648944,45.493556,2023-08-02 19:00
S-THC 21317941:21348257,2023-08-02 19:00,23.70108333,41.95241667,10.02866667,-73.573583,45.593194,2023-08-02 19:00
S-THC 21317942:21326340,2023-08-02 19:00,21.79583333,50.2785,11.00958333,-73.556306,45.575694,2023-08-02 19:00
S-THC 21317943:21326444,2023-08-02 19:00,19.33116667,69.09283333,13.53641667,-73.568444,45.593944,2023-08-02 19:00
S-THC 21317947:21348259,2023-08-02 19:00,22.8825,47.54466667,11.16233333,-73.615361,45.524389,2023-08-02 19:00
S-THC 21317948:21326445,2023-08-02 19:00,23.172,45.81433333,10.872,-73.519722,45.580972,2023-08-02 19:00
S-THC 21317949:21206231,2023-08-02 19:00,23.19175,45.27833333,10.7125,-73.624667,45.57175,2023-08-02 19:00
S-THC 21317950:21326337,2023-08-02 19:00,23.93166667,44.14125,10.99083333,-73.644056,45.53125,2023-08-02 19:00
S-THC 21317953:21348258,2023-08-02 19:00,23.44008333,42.44508333,9.9675,-73.559639,45.573333,2023-08-02 19:00
S-THC 21317958:21206230,2023-08-02 19:00,23.52608333,44.69166667,10.81941667,-73.597917,45.585361,2023-08-02 19:00
S-THC 21317959:21326443,2023-08-02 19:00,23.6225,44.53166667,10.85258333,-73.521556,45.586333,2023-08-02 19:00
S-THC 21317960:21336805,2023-08-02 19:00,22.904,45.80908333,10.62633333,-73.596472,45.586306,2023-08-02 19:00
S-THC 21317937:21326446,2023-08-02 22:00,20.43216667,61.88541667,12.89491667,-73.535417,45.511028,2023-08-02 22:00
S-THC 21317938:21206238,2023-08-02 22:00,18.93958333,69.18741667,13.186,-73.532472,45.518028,2023-08-02 22:00
S-THC 21317939:21326342,2023-08-02 22:00,19.82441667,57.60516667,11.23641667,-73.586583,45.465944,2023-08-02 22:00
S-THC 21317940:21326448,2023-08-02 22:00,20.416,53.60283333,10.702,-73.648944,45.493556,2023-08-02 22:00
S-THC 21317941:21348257,2023-08-02 22:00,21.16841667,52.17758333,10.99391667,-73.573583,45.593194,2023-08-02 22:00
S-THC 21317942:21326340,2023-08-02 22:00,19.82625,62.01708333,12.35208333,-73.556306,45.575694,2023-08-02 22:00
S-THC 21317943:21326444,2023-08-02 22:00,17.181,70.69825,11.82983333,-73.568444,45.593944,2023-08-02 22:00
S-THC 21317947:21348259,2023-08-02 22:00,20.70375,52.97108333,10.7905,-73.615361,45.524389,2023-08-02 22:00
S-THC 21317948:21326445,2023-08-02 22:00,20.952,57.1095,12.15875,-73.519722,45.580972,2023-08-02 22:00
S-THC 21317949:21206231,2023-08-02 22:00,21.02191667,51.65508333,10.70591667,-73.624667,45.57175,2023-08-02 22:00
S-THC 21317950:21326337,2023-08-02 22:00,20.75041667,53.1275,10.87733333,-73.644056,45.53125,2023-08-02 22:00
S-THC 21317953:21348258,2023-08-02 22:00,20.75191667,52.91091667,10.81808333,-73.559639,45.573333,2023-08-02 22:00
S-THC 21317958:21206230,2023-08-02 22:00,21.2525,52.19225,11.07583333,-73.597917,45.585361,2023-08-02 22:00
S-THC 21317959:21326443,2023-08-02 22:00,21.00041667,56.65941667,12.0835,-73.521556,45.586333,2023-08-02 22:00
S-THC 21317960:21336805,2023-08-02 22:00,20.81091667,53.23908333,10.96658333,-73.596472,45.586306,2023-08-02 22:00
S-THC 21317937:21326446,2023-08-04 16:00,28.08533333,47.63208333,15.91058333,-73.535417,45.511028,2023-08-04 16:00
S-THC 21317938:21206238,2023-08-04 16:00,24.19075,60.95983333,16.18941667,-73.532472,45.518028,2023-08-04 16:00
S-THC 21317939:21326342,2023-08-04 16:00,26.99158333,46.25666667,14.4405,-73.586583,45.465944,2023-08-04 16:00
S-THC 21317940:21326448,2023-08-04 16:00,25.38116667,48.7785,13.83966667,-73.648944,45.493556,2023-08-04 16:00
S-THC 21317941:21348257,2023-08-04 16:00,26.82366667,41.80833333,12.77716667,-73.573583,45.593194,2023-08-04 16:00
S-THC 21317942:21326340,2023-08-04 16:00,23.87983333,56.4755,14.70891667,-73.556306,45.575694,2023-08-04 16:00
S-THC 21317943:21326444,2023-08-04 16:00,24.70025,63.30075,17.26408333,-73.568444,45.593944,2023-08-04 16:00
S-THC 21317947:21348259,2023-08-04 16:00,26.22116667,50.07691667,15.00691667,-73.615361,45.524389,2023-08-04 16:00
S-THC 21317948:21326445,2023-08-04 16:00,26.761,47.75558333,14.77066667,-73.519722,45.580972,2023-08-04 16:00
S-THC 21317949:21206231,2023-08-04 16:00,26.92016667,46.86208333,14.62566667,-73.624667,45.57175,2023-08-04 16:00
S-THC 21317950:21326337,2023-08-04 16:00,26.44283333,44.92233333,13.54008333,-73.644056,45.53125,2023-08-04 16:00
S-THC 21317953:21348258,2023-08-04 16:00,26.59116667,43.89683333,13.313,-73.559639,45.573333,2023-08-04 16:00
S-THC 21317958:21206230,2023-08-04 16:00,27.0845,44.7665,14.06275,-73.597917,45.585361,2023-08-04 16:00
S-THC 21317959:21326443,2023-08-04 16:00,26.77541667,45.26783333,13.95425,-73.521556,45.586333,2023-08-04 16:00
S-THC 21317960:21336805,2023-08-04 16:00,26.31408333,48.30341667,14.53691667,-73.596472,45.586306,2023-08-04 16:00
S-THC 21317937:21326446,2023-08-06 7:00,21.03608333,63.65,13.88841667,-73.535417,45.511028,2023-08-06 7:00
S-THC 21317938:21206238,2023-08-06 7:00,19.24725,72.53625,14.20433333,-73.532472,45.518028,2023-08-06 7:00
S-THC 21317939:21326342,2023-08-06 7:00,19.6315,70.3825,14.10366667,-73.586583,45.465944,2023-08-06 7:00
S-THC 21317940:21326448,2023-08-06 7:00,17.78675,76.20283333,13.55825,-73.648944,45.493556,2023-08-06 7:00
S-THC 21317941:21348257,2023-08-06 7:00,18.87008333,72.67916667,13.87441667,-73.573583,45.593194,2023-08-06 7:00
S-THC 21317942:21326340,2023-08-06 7:00,18.01383333,77.47391667,14.03241667,-73.556306,45.575694,2023-08-06 7:00
S-THC 21317943:21326444,2023-08-06 7:00,15.903,93.72866667,14.9125,-73.568444,45.593944,2023-08-06 7:00
S-THC 21317947:21348259,2023-08-06 7:00,18.995,73.33,14.13241667,-73.615361,45.524389,2023-08-06 7:00
S-THC 21317948:21326445,2023-08-06 7:00,20.743,66.3455,14.25258333,-73.519722,45.580972,2023-08-06 7:00
S-THC 21317949:21206231,2023-08-06 7:00,19.44558333,72.77266667,14.44341667,-73.624667,45.57175,2023-08-06 7:00
S-THC 21317950:21326337,2023-08-06 7:00,18.92708333,71.02875,13.55991667,-73.644056,45.53125,2023-08-06 7:00
S-THC 21317953:21348258,2023-08-06 7:00,19.31683333,70.76133333,13.88733333,-73.559639,45.573333,2023-08-06 7:00
S-THC 21317958:21206230,2023-08-06 7:00,18.00325,77.93016667,14.11125,-73.597917,45.585361,2023-08-06 7:00
S-THC 21317959:21326443,2023-08-06 7:00,18.90733333,70.53708333,13.44125,-73.521556,45.586333,2023-08-06 7:00
S-THC 21317960:21336805,2023-08-06 7:00,18.25875,75.53625,13.877,-73.596472,45.586306,2023-08-06 7:00
S-THC 21317937:21326446,2023-08-06 8:00,22.76641667,58.7275,14.27625,-73.535417,45.511028,2023-08-06 8:00
S-THC 21317938:21206238,2023-08-06 8:00,19.96558333,69.8345,14.308,-73.532472,45.518028,2023-08-06 8:00
S-THC 21317939:21326342,2023-08-06 8:00,21.13258333,63.30633333,13.89983333,-73.586583,45.465944,2023-08-06 8:00
S-THC 21317940:21326448,2023-08-06 8:00,18.87341667,72.33708333,13.80583333,-73.648944,45.493556,2023-08-06 8:00
S-THC 21317941:21348257,2023-08-06 8:00,20.86816667,63.61541667,13.70283333,-73.573583,45.593194,2023-08-06 8:00
S-THC 21317942:21326340,2023-08-06 8:00,19.14866667,73.4605,14.30175,-73.556306,45.575694,2023-08-06 8:00
S-THC 21317943:21326444,2023-08-06 8:00,18.22125,85.90725,15.82125,-73.568444,45.593944,2023-08-06 8:00
S-THC 21317947:21348259,2023-08-06 8:00,20.95225,67.64241667,14.75283333,-73.615361,45.524389,2023-08-06 8:00
S-THC 21317948:21326445,2023-08-06 8:00,22.87183333,58.95208333,14.41916667,-73.519722,45.580972,2023-08-06 8:00
S-THC 21317949:21206231,2023-08-06 8:00,21.7475,62.98408333,14.37283333,-73.624667,45.57175,2023-08-06 8:00
S-THC 21317950:21326337,2023-08-06 8:00,20.97191667,64.81658333,14.111,-73.644056,45.53125,2023-08-06 8:00
S-THC 21317953:21348258,2023-08-06 8:00,20.91808333,64.35708333,13.9375,-73.559639,45.573333,2023-08-06 8:00
S-THC 21317958:21206230,2023-08-06 8:00,20.22666667,67.63233333,14.0195,-73.597917,45.585361,2023-08-06 8:00
S-THC 21317959:21326443,2023-08-06 8:00,21.08616667,61.94641667,13.49958333,-73.521556,45.586333,2023-08-06 8:00
S-THC 21317960:21336805,2023-08-06 8:00,20.08733333,67.211,13.8125,-73.596472,45.586306,2023-08-06 8:00
S-THC 21317937:21326446,2023-08-06 9:00,25.63333333,48.45275,13.961,-73.535417,45.511028,2023-08-06 9:00
S-THC 21317938:21206238,2023-08-06 9:00,21.23116667,63.30658333,13.985,-73.532472,45.518028,2023-08-06 9:00
S-THC 21317939:21326342,2023-08-06 9:00,23.03441667,55.06566667,13.50966667,-73.586583,45.465944,2023-08-06 9:00
S-THC 21317940:21326448,2023-08-06 9:00,20.89675,63.05933333,13.59741667,-73.648944,45.493556,2023-08-06 9:00
S-THC 21317941:21348257,2023-08-06 9:00,22.85925,51.56525,12.34825,-73.573583,45.593194,2023-08-06 9:00
S-THC 21317942:21326340,2023-08-06 9:00,20.97733333,61.57858333,13.31941667,-73.556306,45.575694,2023-08-06 9:00
S-THC 21317943:21326444,2023-08-06 9:00,20.56433333,72.36133333,15.42108333,-73.568444,45.593944,2023-08-06 9:00
S-THC 21317947:21348259,2023-08-06 9:00,22.786,60.31441667,14.70025,-73.615361,45.524389,2023-08-06 9:00
S-THC 21317948:21326445,2023-08-06 9:00,24.94141667,47.73766667,13.084,-73.519722,45.580972,2023-08-06 9:00
S-THC 21317949:21206231,2023-08-06 9:00,23.77275,51.72525,13.23641667,-73.624667,45.57175,2023-08-06 9:00
S-THC 21317950:21326337,2023-08-06 9:00,23.04158333,56.14408333,13.81175,-73.644056,45.53125,2023-08-06 9:00
S-THC 21317953:21348258,2023-08-06 9:00,22.77175,51.94716667,12.38216667,-73.559639,45.573333,2023-08-06 9:00
S-THC 21317958:21206230,2023-08-06 9:00,22.91825,52.31558333,12.63616667,-73.597917,45.585361,2023-08-06 9:00
S-THC 21317959:21326443,2023-08-06 9:00,23.05766667,49.9465,12.04983333,-73.521556,45.586333,2023-08-06 9:00
S-THC 21317960:21336805,2023-08-06 9:00,21.68858333,56.60775,12.69966667,-73.596472,45.586306,2023-08-06 9:00
S-THC 21317937:21326446,2023-08-06 11:00,27.64933333,37.71125,11.88041667,-73.535417,45.511028,2023-08-06 11:00
S-THC 21317938:21206238,2023-08-06 11:00,24.16583333,43.55425,11.00233333,-73.532472,45.518028,2023-08-06 11:00
S-THC 21317939:21326342,2023-08-06 11:00,25.98716667,37.53883333,10.38458333,-73.586583,45.465944,2023-08-06 11:00
S-THC 21317940:21326448,2023-08-06 11:00,25.34,36.38083333,9.359916667,-73.648944,45.493556,2023-08-06 11:00
S-THC 21317941:21348257,2023-08-06 11:00,25.349,40.84141667,11.10091667,-73.573583,45.593194,2023-08-06 11:00
S-THC 21317942:21326340,2023-08-06 11:00,23.45983333,48.71191667,12.05458333,-73.556306,45.575694,2023-08-06 11:00
S-THC 21317943:21326444,2023-08-06 11:00,23.84958333,57.51875,14.9385,-73.568444,45.593944,2023-08-06 11:00
S-THC 21317947:21348259,2023-08-06 11:00,25.76541667,41.551,11.71075,-73.615361,45.524389,2023-08-06 11:00
S-THC 21317948:21326445,2023-08-06 11:00,26.65925,39.86966667,11.90641667,-73.519722,45.580972,2023-08-06 11:00
S-THC 21317949:21206231,2023-08-06 11:00,26.727,38.75491667,11.53575,-73.624667,45.57175,2023-08-06 11:00
S-THC 21317950:21326337,2023-08-06 11:00,25.87991667,37.83,10.42366667,-73.644056,45.53125,2023-08-06 11:00
S-THC 21317953:21348258,2023-08-06 11:00,25.23266667,38.81291667,10.22541667,-73.559639,45.573333,2023-08-06 11:00
S-THC 21317958:21206230,2023-08-06 11:00,25.57766667,41.49,11.545,-73.597917,45.585361,2023-08-06 11:00
S-THC 21317959:21326443,2023-08-06 11:00,25.54558333,40.48708333,11.137,-73.521556,45.586333,2023-08-06 11:00
S-THC 21317960:21336805,2023-08-06 11:00,24.74816667,44.43758333,11.8385,-73.596472,45.586306,2023-08-06 11:00
S-THC 21317937:21326446,2023-08-06 15:00,28.81283333,32.85141667,10.85266667,-73.535417,45.511028,2023-08-06 15:00
S-THC 21317938:21206238,2023-08-06 15:00,25.57775,38.89691667,10.529,-73.532472,45.518028,2023-08-06 15:00
S-THC 21317939:21326342,2023-08-06 15:00,27.71533333,29.83683333,8.495166667,-73.586583,45.465944,2023-08-06 15:00
S-THC 21317940:21326448,2023-08-06 15:00,26.63075,31.46775,8.336833333,-73.648944,45.493556,2023-08-06 15:00
S-THC 21317941:21348257,2023-08-06 15:00,27.43475,30.684,8.668833333,-73.573583,45.593194,2023-08-06 15:00
S-THC 21317942:21326340,2023-08-06 15:00,24.73766667,40.96316667,10.57641667,-73.556306,45.575694,2023-08-06 15:00
S-THC 21317943:21326444,2023-08-06 15:00,25.61166667,49.18958333,14.129,-73.568444,45.593944,2023-08-06 15:00
S-THC 21317947:21348259,2023-08-06 15:00,27.4045,34.97408333,10.5875,-73.615361,45.524389,2023-08-06 15:00
S-THC 21317948:21326445,2023-08-06 15:00,27.75116667,33.47391667,10.233,-73.519722,45.580972,2023-08-06 15:00
S-THC 21317949:21206231,2023-08-06 15:00,27.74941667,31.91633333,9.524166667,-73.624667,45.57175,2023-08-06 15:00
S-THC 21317950:21326337,2023-08-06 15:00,27.48308333,31.446,9.071833333,-73.644056,45.53125,2023-08-06 15:00
S-THC 21317953:21348258,2023-08-06 15:00,27.342,30.08583333,8.294916667,-73.559639,45.573333,2023-08-06 15:00
S-THC 21317958:21206230,2023-08-06 15:00,27.74766667,31.30916667,9.238833333,-73.597917,45.585361,2023-08-06 15:00
S-THC 21317959:21326443,2023-08-06 15:00,27.64575,31.75208333,9.354333333,-73.521556,45.586333,2023-08-06 15:00
S-THC 21317960:21336805,2023-08-06 15:00,26.97375,34.67641667,10.07991667,-73.596472,45.586306,2023-08-06 15:00
S-THC 21317937:21326446,2023-08-06 17:00,28.11758333,34.26725,10.89291667,-73.535417,45.511028,2023-08-06 17:00
S-THC 21317938:21206238,2023-08-06 17:00,25.02,39.72608333,10.368,-73.532472,45.518028,2023-08-06 17:00
S-THC 21317939:21326342,2023-08-06 17:00,27.3795,32.90258333,9.642166667,-73.586583,45.465944,2023-08-06 17:00
S-THC 21317940:21326448,2023-08-06 17:00,26.24091667,34.34825,9.303416667,-73.648944,45.493556,2023-08-06 17:00
S-THC 21317941:21348257,2023-08-06 17:00,27.22933333,30.075,8.17975,-73.573583,45.593194,2023-08-06 17:00
S-THC 21317942:21326340,2023-08-06 17:00,24.66083333,41.63375,10.75558333,-73.556306,45.575694,2023-08-06 17:00
S-THC 21317943:21326444,2023-08-06 17:00,23.69233333,52.82608333,13.44075,-73.568444,45.593944,2023-08-06 17:00
S-THC 21317947:21348259,2023-08-06 17:00,25.98166667,38.75891667,10.87866667,-73.615361,45.524389,2023-08-06 17:00
S-THC 21317948:21326445,2023-08-06 17:00,27.12391667,33.05533333,9.483166667,-73.519722,45.580972,2023-08-06 17:00
S-THC 21317949:21206231,2023-08-06 17:00,26.95591667,35.2375,10.30783333,-73.624667,45.57175,2023-08-06 17:00
S-THC 21317950:21326337,2023-08-06 17:00,27.23466667,33.86541667,9.959833333,-73.644056,45.53125,2023-08-06 17:00
S-THC 21317953:21348258,2023-08-06 17:00,27.3365,31.58266667,9.001166667,-73.559639,45.573333,2023-08-06 17:00
S-THC 21317958:21206230,2023-08-06 17:00,27.59408333,32.5925,9.683333333,-73.597917,45.585361,2023-08-06 17:00
S-THC 21317959:21326443,2023-08-06 17:00,27.60275,31.13333333,9.0215,-73.521556,45.586333,2023-08-06 17:00
S-THC 21317960:21336805,2023-08-06 17:00,26.6825,35.16558333,10.02758333,-73.596472,45.586306,2023-08-06 17:00
S-THC 21317937:21326446,2023-08-06 18:00,26.77175,38.94416667,11.64258333,-73.535417,45.511028,2023-08-06 18:00
S-THC 21317938:21206238,2023-08-06 18:00,24.29625,42.68575,10.79925,-73.532472,45.518028,2023-08-06 18:00
S-THC 21317939:21326342,2023-08-06 18:00,26.54816667,34.86358333,9.79325,-73.586583,45.465944,2023-08-06 18:00
S-THC 21317940:21326448,2023-08-06 18:00,25.95316667,35.42108333,9.508416667,-73.648944,45.493556,2023-08-06 18:00
S-THC 21317941:21348257,2023-08-06 18:00,26.57858333,31.14983333,8.147916667,-73.573583,45.593194,2023-08-06 18:00
S-THC 21317942:21326340,2023-08-06 18:00,24.62158333,36.76425,8.875583333,-73.556306,45.575694,2023-08-06 18:00
S-THC 21317943:21326444,2023-08-06 18:00,22.407,52.56341667,12.23683333,-73.568444,45.593944,2023-08-06 18:00
S-THC 21317947:21348259,2023-08-06 18:00,25.46508333,39.70675,10.77225,-73.615361,45.524389,2023-08-06 18:00
S-THC 21317948:21326445,2023-08-06 18:00,26.38566667,32.95791667,8.784,-73.519722,45.580972,2023-08-06 18:00
S-THC 21317949:21206231,2023-08-06 18:00,26.24091667,35.40258333,9.752,-73.624667,45.57175,2023-08-06 18:00
S-THC 21317950:21326337,2023-08-06 18:00,26.59475,34.31208333,9.596666667,-73.644056,45.53125,2023-08-06 18:00
S-THC 21317953:21348258,2023-08-06 18:00,26.36425,30.57391667,7.685833333,-73.559639,45.573333,2023-08-06 18:00
S-THC 21317958:21206230,2023-08-06 18:00,26.67333333,33.40925,9.264666667,-73.597917,45.585361,2023-08-06 18:00
S-THC 21317959:21326443,2023-08-06 18:00,26.9165,32.28775,8.9635,-73.521556,45.586333,2023-08-06 18:00
S-THC 21317960:21336805,2023-08-06 18:00,25.68316667,36.4745,9.702666667,-73.596472,45.586306,2023-08-06 18:00
S-THC 21317937:21326446,2023-08-06 19:00,25.55458333,39.72333333,10.86666667,-73.535417,45.511028,2023-08-06 19:00
S-THC 21317938:21206238,2023-08-06 19:00,24.08175,40.64716667,9.880833333,-73.532472,45.518028,2023-08-06 19:00
S-THC 21317939:21326342,2023-08-06 19:00,25.51866667,37.48341667,9.959916667,-73.586583,45.465944,2023-08-06 19:00
S-THC 21317940:21326448,2023-08-06 19:00,25.281,38.15866667,10.01716667,-73.648944,45.493556,2023-08-06 19:00
S-THC 21317941:21348257,2023-08-06 19:00,26.00683333,30.67158333,7.428333333,-73.573583,45.593194,2023-08-06 19:00
S-THC 21317942:21326340,2023-08-06 19:00,23.98166667,36.65533333,8.2715,-73.556306,45.575694,2023-08-06 19:00
S-THC 21317943:21326444,2023-08-06 19:00,20.9755,53.15916667,11.08641667,-73.568444,45.593944,2023-08-06 19:00
S-THC 21317947:21348259,2023-08-06 19:00,24.58041667,41.20366667,10.524,-73.615361,45.524389,2023-08-06 19:00
S-THC 21317948:21326445,2023-08-06 19:00,25.35983333,35.87825,9.168916667,-73.519722,45.580972,2023-08-06 19:00
S-THC 21317949:21206231,2023-08-06 19:00,25.19716667,35.30416667,8.792333333,-73.624667,45.57175,2023-08-06 19:00
S-THC 21317950:21326337,2023-08-06 19:00,25.70641667,37.38391667,10.06358333,-73.644056,45.53125,2023-08-06 19:00
S-THC 21317953:21348258,2023-08-06 19:00,25.42766667,32.41058333,7.7285,-73.559639,45.573333,2023-08-06 19:00
S-THC 21317958:21206230,2023-08-06 19:00,25.81366667,33.54033333,8.576166667,-73.597917,45.585361,2023-08-06 19:00
S-THC 21317959:21326443,2023-08-06 19:00,25.987,33.62783333,8.75925,-73.521556,45.586333,2023-08-06 19:00
S-THC 21317960:21336805,2023-08-06 19:00,24.65016667,36.47566667,8.792833333,-73.596472,45.586306,2023-08-06 19:00
S-THC 21317937:21326446,2023-08-06 20:00,24.12291667,46.86525,12.03383333,-73.535417,45.511028,2023-08-06 20:00
S-THC 21317938:21206238,2023-08-06 20:00,22.57683333,48.7465,11.22191667,-73.532472,45.518028,2023-08-06 20:00
S-THC 21317939:21326342,2023-08-06 20:00,24.46958333,43.5295,11.25033333,-73.586583,45.465944,2023-08-06 20:00
S-THC 21317940:21326448,2023-08-06 20:00,24.67341667,40.74358333,10.46333333,-73.648944,45.493556,2023-08-06 20:00
S-THC 21317941:21348257,2023-08-06 20:00,25.37225,32.87975,7.884083333,-73.573583,45.593194,2023-08-06 20:00
S-THC 21317942:21326340,2023-08-06 20:00,23.37941667,36.54066667,7.687,-73.556306,45.575694,2023-08-06 20:00
S-THC 21317943:21326444,2023-08-06 20:00,20.1015,52.67733333,10.12716667,-73.568444,45.593944,2023-08-06 20:00
S-THC 21317947:21348259,2023-08-06 20:00,23.46875,48.19275,11.896,-73.615361,45.524389,2023-08-06 20:00
S-THC 21317948:21326445,2023-08-06 20:00,23.71183333,37.41325,8.321833333,-73.519722,45.580972,2023-08-06 20:00
S-THC 21317949:21206231,2023-08-06 20:00,24.48566667,40.59666667,10.20233333,-73.624667,45.57175,2023-08-06 20:00
S-THC 21317950:21326337,2023-08-06 20:00,24.93275,42.59725,11.36433333,-73.644056,45.53125,2023-08-06 20:00
S-THC 21317953:21348258,2023-08-06 20:00,23.3885,38.35508333,8.36175,-73.559639,45.573333,2023-08-06 20:00
S-THC 21317958:21206230,2023-08-06 20:00,24.97916667,36.47975,9.0735,-73.597917,45.585361,2023-08-06 20:00
S-THC 21317959:21326443,2023-08-06 20:00,25.038,33.83491667,7.995333333,-73.521556,45.586333,2023-08-06 20:00
S-THC 21317960:21336805,2023-08-06 20:00,23.55633333,40.36258333,9.3055,-73.596472,45.586306,2023-08-06 20:00
S-THC 21317937:21326446,2023-08-06 21:00,23.23283333,52.99491667,13.12258333,-73.535417,45.511028,2023-08-06 21:00
S-THC 21317938:21206238,2023-08-06 21:00,22.07466667,52.3405,11.85841667,-73.532472,45.518028,2023-08-06 21:00
S-THC 21317939:21326342,2023-08-06 21:00,23.35608333,52.35433333,13.0615,-73.586583,45.465944,2023-08-06 21:00
S-THC 21317940:21326448,2023-08-06 21:00,24.09966667,46.92225,12.0135,-73.648944,45.493556,2023-08-06 21:00
S-THC 21317941:21348257,2023-08-06 21:00,24.60725,40.88316667,10.39983333,-73.573583,45.593194,2023-08-06 21:00
S-THC 21317942:21326340,2023-08-06 21:00,22.00658333,47.74358333,10.39191667,-73.556306,45.575694,2023-08-06 21:00
S-THC 21317943:21326444,2023-08-06 21:00,18.94508333,61.86091667,11.46441667,-73.568444,45.593944,2023-08-06 21:00
S-THC 21317947:21348259,2023-08-06 21:00,22.54833333,52.65333333,12.39933333,-73.615361,45.524389,2023-08-06 21:00
S-THC 21317948:21326445,2023-08-06 21:00,22.57491667,45.40858333,10.15641667,-73.519722,45.580972,2023-08-06 21:00
S-THC 21317949:21206231,2023-08-06 21:00,23.72975,48.51758333,12.23808333,-73.624667,45.57175,2023-08-06 21:00
S-THC 21317950:21326337,2023-08-06 21:00,24.22483333,47.54175,12.37566667,-73.644056,45.53125,2023-08-06 21:00
S-THC 21317953:21348258,2023-08-06 21:00,21.90666667,48.85908333,10.66383333,-73.559639,45.573333,2023-08-06 21:00
S-THC 21317958:21206230,2023-08-06 21:00,24.17833333,45.46675,11.6495,-73.597917,45.585361,2023-08-06 21:00
S-THC 21317959:21326443,2023-08-06 21:00,23.72975,41.62641667,9.892416667,-73.521556,45.586333,2023-08-06 21:00
S-THC 21317960:21336805,2023-08-06 21:00,22.65016667,48.83366667,11.343,-73.596472,45.586306,2023-08-06 21:00
S-THC 21317937:21326446,2023-08-06 22:00,22.8915,58.11591667,14.23591667,-73.535417,45.511028,2023-08-06 22:00
S-THC 21317938:21206238,2023-08-06 22:00,21.96025,58.10133333,13.35525,-73.532472,45.518028,2023-08-06 22:00
S-THC 21317939:21326342,2023-08-06 22:00,22.53566667,58.95425,14.12583333,-73.586583,45.465944,2023-08-06 22:00
S-THC 21317940:21326448,2023-08-06 22:00,23.19725,59.42716667,14.87091667,-73.648944,45.493556,2023-08-06 22:00
S-THC 21317941:21348257,2023-08-06 22:00,23.82083333,48.27033333,12.24966667,-73.573583,45.593194,2023-08-06 22:00
S-THC 21317942:21326340,2023-08-06 22:00,21.34008333,56.55691667,12.36575,-73.556306,45.575694,2023-08-06 22:00
S-THC 21317943:21326444,2023-08-06 22:00,18.6555,70.48166667,13.19758333,-73.568444,45.593944,2023-08-06 22:00
S-THC 21317947:21348259,2023-08-06 22:00,21.86016667,58.05791667,13.25558333,-73.615361,45.524389,2023-08-06 22:00
S-THC 21317948:21326445,2023-08-06 22:00,22.212,53.06366667,12.20583333,-73.519722,45.580972,2023-08-06 22:00
S-THC 21317949:21206231,2023-08-06 22:00,22.92533333,54.25825,13.2105,-73.624667,45.57175,2023-08-06 22:00
S-THC 21317950:21326337,2023-08-06 22:00,23.27566667,54.08483333,13.48733333,-73.644056,45.53125,2023-08-06 22:00
S-THC 21317953:21348258,2023-08-06 22:00,22.00141667,53.70958333,12.19791667,-73.559639,45.573333,2023-08-06 22:00
S-THC 21317958:21206230,2023-08-06 22:00,23.39383333,51.989,12.9885,-73.597917,45.585361,2023-08-06 22:00
S-THC 21317959:21326443,2023-08-06 22:00,23.079,49.99058333,12.10183333,-73.521556,45.586333,2023-08-06 22:00
S-THC 21317960:21336805,2023-08-06 22:00,22.702,53.36666667,12.74858333,-73.596472,45.586306,2023-08-06 22:00
S-THC 21317937:21326446,2023-08-06 23:00,21.89058333,68.57058333,15.854,-73.535417,45.511028,2023-08-06 23:00
S-THC 21317938:21206238,2023-08-06 23:00,21.41866667,67.66258333,15.19358333,-73.532472,45.518028,2023-08-06 23:00
S-THC 21317939:21326342,2023-08-06 23:00,21.46875,64.24208333,14.44783333,-73.586583,45.465944,2023-08-06 23:00
S-THC 21317940:21326448,2023-08-06 23:00,22.31783333,65.31816667,15.51416667,-73.648944,45.493556,2023-08-06 23:00
S-THC 21317941:21348257,2023-08-06 23:00,23.23825,51.75116667,12.77991667,-73.573583,45.593194,2023-08-06 23:00
S-THC 21317942:21326340,2023-08-06 23:00,21.17908333,59.61991667,13.02616667,-73.556306,45.575694,2023-08-06 23:00
S-THC 21317943:21326444,2023-08-06 23:00,18.48383333,72.58458333,13.48375,-73.568444,45.593944,2023-08-06 23:00
S-THC 21317947:21348259,2023-08-06 23:00,21.25958333,63.28358333,14.018,-73.615361,45.524389,2023-08-06 23:00
S-THC 21317948:21326445,2023-08-06 23:00,21.46325,58.82575,13.0855,-73.519722,45.580972,2023-08-06 23:00
S-THC 21317949:21206231,2023-08-06 23:00,21.91391667,60.04416667,13.82575,-73.624667,45.57175,2023-08-06 23:00
S-THC 21317950:21326337,2023-08-06 23:00,22.37316667,57.747,13.6575,-73.644056,45.53125,2023-08-06 23:00
S-THC 21317953:21348258,2023-08-06 23:00,21.08983333,60.05116667,13.04708333,-73.559639,45.573333,2023-08-06 23:00
S-THC 21317958:21206230,2023-08-06 23:00,22.39641667,58.37291667,13.834,-73.597917,45.585361,2023-08-06 23:00
S-THC 21317959:21326443,2023-08-06 23:00,22.08191667,55.05808333,12.64983333,-73.521556,45.586333,2023-08-06 23:00
S-THC 21317960:21336805,2023-08-06 23:00,21.36683333,61.67858333,13.71691667,-73.596472,45.586306,2023-08-06 23:00
S-THC 21317937:21326446,2023-08-07 0:00,20.32316667,78.59025,16.49275,-73.535417,45.511028,2023-08-07 0:00
S-THC 21317938:21206238,2023-08-07 0:00,20.36408333,75.98466667,15.999,-73.532472,45.518028,2023-08-07 0:00
S-THC 21317939:21326342,2023-08-07 0:00,20.39991667,69.87375,14.72341667,-73.586583,45.465944,2023-08-07 0:00
S-THC 21317940:21326448,2023-08-07 0:00,21.57783333,64.6895,14.66108333,-73.648944,45.493556,2023-08-07 0:00
S-THC 21317941:21348257,2023-08-07 0:00,21.98891667,57.71725,13.278,-73.573583,45.593194,2023-08-07 0:00
S-THC 21317942:21326340,2023-08-07 0:00,20.148,68.13758333,14.08783333,-73.556306,45.575694,2023-08-07 0:00
S-THC 21317943:21326444,2023-08-07 0:00,17.64916667,78.54266667,13.8815,-73.568444,45.593944,2023-08-07 0:00
S-THC 21317947:21348259,2023-08-07 0:00,20.35866667,66.0885,13.83575,-73.615361,45.524389,2023-08-07 0:00
S-THC 21317948:21326445,2023-08-07 0:00,20.33383333,65.49225,13.65191667,-73.519722,45.580972,2023-08-07 0:00
S-THC 21317949:21206231,2023-08-07 0:00,20.9415,63.984,13.88775,-73.624667,45.57175,2023-08-07 0:00
S-THC 21317950:21326337,2023-08-07 0:00,21.52958333,62.7325,14.13508333,-73.644056,45.53125,2023-08-07 0:00
S-THC 21317953:21348258,2023-08-07 0:00,20.01558333,65.353,13.33133333,-73.559639,45.573333,2023-08-07 0:00
S-THC 21317958:21206230,2023-08-07 0:00,21.10241667,65.06791667,14.29691667,-73.597917,45.585361,2023-08-07 0:00
S-THC 21317959:21326443,2023-08-07 0:00,20.52683333,67.47716667,14.279,-73.521556,45.586333,2023-08-07 0:00
S-THC 21317960:21336805,2023-08-07 0:00,20.257,67.50716667,14.062,-73.596472,45.586306,2023-08-07 0:00
S-THC 21317937:21326446,2023-08-07 1:00,19.86033333,78.73783333,16.06883333,-73.535417,45.511028,2023-08-07 1:00
S-THC 21317938:21206238,2023-08-07 1:00,19.62416667,80.83958333,16.25758333,-73.532472,45.518028,2023-08-07 1:00
S-THC 21317939:21326342,2023-08-07 1:00,19.97091667,74.00133333,15.203,-73.586583,45.465944,2023-08-07 1:00
S-THC 21317940:21326448,2023-08-07 1:00,21.16141667,65.03091667,14.34183333,-73.648944,45.493556,2023-08-07 1:00
S-THC 21317941:21348257,2023-08-07 1:00,21.29708333,61.34783333,13.57383333,-73.573583,45.593194,2023-08-07 1:00
S-THC 21317942:21326340,2023-08-07 1:00,19.442,71.98341667,14.26808333,-73.556306,45.575694,2023-08-07 1:00
S-THC 21317943:21326444,2023-08-07 1:00,16.88425,84.051,14.191,-73.568444,45.593944,2023-08-07 1:00
S-THC 21317947:21348259,2023-08-07 1:00,19.85116667,66.35033333,13.41416667,-73.615361,45.524389,2023-08-07 1:00
S-THC 21317948:21326445,2023-08-07 1:00,19.60825,74.06866667,14.87891667,-73.519722,45.580972,2023-08-07 1:00
S-THC 21317949:21206231,2023-08-07 1:00,20.31416667,67.87083333,14.20225,-73.624667,45.57175,2023-08-07 1:00
S-THC 21317950:21326337,2023-08-07 1:00,20.9755,66.02566667,14.40741667,-73.644056,45.53125,2023-08-07 1:00
S-THC 21317953:21348258,2023-08-07 1:00,19.165,71.37083333,13.8695,-73.559639,45.573333,2023-08-07 1:00
S-THC 21317958:21206230,2023-08-07 1:00,20.50716667,67.23541667,14.24125,-73.597917,45.585361,2023-08-07 1:00
S-THC 21317959:21326443,2023-08-07 1:00,19.987,71.21133333,14.63441667,-73.521556,45.586333,2023-08-07 1:00
S-THC 21317960:21336805,2023-08-07 1:00,19.51333333,70.3375,13.98791667,-73.596472,45.586306,2023-08-07 1:00
S-THC 21317937:21326446,2023-08-07 2:00,19.58483333,77.80516667,15.61983333,-73.535417,45.511028,2023-08-07 2:00
S-THC 21317938:21206238,2023-08-07 2:00,19.02558333,81.47491667,15.80233333,-73.532472,45.518028,2023-08-07 2:00
S-THC 21317939:21326342,2023-08-07 2:00,19.68133333,69.89391667,14.05208333,-73.586583,45.465944,2023-08-07 2:00
S-THC 21317940:21326448,2023-08-07 2:00,21.11316667,62.26966667,13.60525,-73.648944,45.493556,2023-08-07 2:00
S-THC 21317941:21348257,2023-08-07 2:00,20.21758333,69.90383333,14.55816667,-73.573583,45.593194,2023-08-07 2:00
S-THC 21317942:21326340,2023-08-07 2:00,18.83233333,77.50916667,14.83525,-73.556306,45.575694,2023-08-07 2:00
S-THC 21317943:21326444,2023-08-07 2:00,16.59808333,87.282,14.49225,-73.568444,45.593944,2023-08-07 2:00
S-THC 21317947:21348259,2023-08-07 2:00,19.78866667,70.03933333,14.18316667,-73.615361,45.524389,2023-08-07 2:00
S-THC 21317948:21326445,2023-08-07 2:00,19.43841667,75.89983333,15.09441667,-73.519722,45.580972,2023-08-07 2:00
S-THC 21317949:21206231,2023-08-07 2:00,19.66,71.21108333,14.32016667,-73.624667,45.57175,2023-08-07 2:00
S-THC 21317950:21326337,2023-08-07 2:00,20.32308333,68.60033333,14.37733333,-73.644056,45.53125,2023-08-07 2:00
S-THC 21317953:21348258,2023-08-07 2:00,19.07,77.54025,15.0715,-73.559639,45.573333,2023-08-07 2:00
S-THC 21317958:21206230,2023-08-07 2:00,20.0675,71.78741667,14.82683333,-73.597917,45.585361,2023-08-07 2:00
S-THC 21317959:21326443,2023-08-07 2:00,19.63316667,72.13841667,14.49433333,-73.521556,45.586333,2023-08-07 2:00
S-THC 21317960:21336805,2023-08-07 2:00,19.01475,74.52808333,14.40091667,-73.596472,45.586306,2023-08-07 2:00
S-THC 21317937:21326446,2023-08-07 3:00,18.91283333,77.87141667,14.97983333,-73.535417,45.511028,2023-08-07 3:00
S-THC 21317938:21206238,2023-08-07 3:00,18.59466667,79.7065,15.03066667,-73.532472,45.518028,2023-08-07 3:00
S-THC 21317939:21326342,2023-08-07 3:00,19.57775,72.08875,14.42583333,-73.586583,45.465944,2023-08-07 3:00
S-THC 21317940:21326448,2023-08-07 3:00,21.15416667,57.92016667,12.56258333,-73.648944,45.493556,2023-08-07 3:00
S-THC 21317941:21348257,2023-08-07 3:00,19.74941667,73.15941667,14.82533333,-73.573583,45.593194,2023-08-07 3:00
S-THC 21317942:21326340,2023-08-07 3:00,18.62875,79.29158333,14.99125,-73.556306,45.575694,2023-08-07 3:00
S-THC 21317943:21326444,2023-08-07 3:00,16.55341667,91.15608333,15.12475,-73.568444,45.593944,2023-08-07 3:00
S-THC 21317947:21348259,2023-08-07 3:00,19.70833333,68.19183333,13.66933333,-73.615361,45.524389,2023-08-07 3:00
S-THC 21317948:21326445,2023-08-07 3:00,19.26325,74.90275,14.71908333,-73.519722,45.580972,2023-08-07 3:00
S-THC 21317949:21206231,2023-08-07 3:00,19.36141667,74.55933333,14.74275,-73.624667,45.57175,2023-08-07 3:00
S-THC 21317950:21326337,2023-08-07 3:00,20.09425,68.61283333,14.16216667,-73.644056,45.53125,2023-08-07 3:00
S-THC 21317953:21348258,2023-08-07 3:00,18.979,78.67408333,15.20458333,-73.559639,45.573333,2023-08-07 3:00
S-THC 21317958:21206230,2023-08-07 3:00,19.54008333,76.89166667,15.39783333,-73.597917,45.585361,2023-08-07 3:00
S-THC 21317959:21326443,2023-08-07 3:00,19.22008333,71.95,14.05683333,-73.521556,45.586333,2023-08-07 3:00
S-THC 21317960:21336805,2023-08-07 3:00,18.75033333,78.00108333,14.85458333,-73.596472,45.586306,2023-08-07 3:00
S-THC 21317937:21326446,2023-08-07 4:00,18.43566667,76.88083333,14.31958333,-73.535417,45.511028,2023-08-07 4:00
S-THC 21317938:21206238,2023-08-07 4:00,18.05308333,79.3595,14.43625,-73.532472,45.518028,2023-08-07 4:00
S-THC 21317939:21326342,2023-08-07 4:00,19.09333333,75.44133333,14.66775,-73.586583,45.465944,2023-08-07 4:00
S-THC 21317940:21326448,2023-08-07 4:00,20.79133333,62.54525,13.38316667,-73.648944,45.493556,2023-08-07 4:00
S-THC 21317941:21348257,2023-08-07 4:00,18.83966667,74.03016667,14.13166667,-73.573583,45.593194,2023-08-07 4:00
S-THC 21317942:21326340,2023-08-07 4:00,18.584,77.35958333,14.56216667,-73.556306,45.575694,2023-08-07 4:00
S-THC 21317943:21326444,2023-08-07 4:00,16.45716667,91.86216667,15.14941667,-73.568444,45.593944,2023-08-07 4:00
S-THC 21317947:21348259,2023-08-07 4:00,20.33191667,68.39816667,14.32891667,-73.615361,45.524389,2023-08-07 4:00
S-THC 21317948:21326445,2023-08-07 4:00,18.8325,74.78183333,14.27483333,-73.519722,45.580972,2023-08-07 4:00
S-THC 21317949:21206231,2023-08-07 4:00,19.15766667,77.64058333,15.17833333,-73.624667,45.57175,2023-08-07 4:00
S-THC 21317950:21326337,2023-08-07 4:00,20.20516667,66.83508333,13.86175,-73.644056,45.53125,2023-08-07 4:00
S-THC 21317953:21348258,2023-08-07 4:00,19.10058333,74.40383333,14.459,-73.559639,45.573333,2023-08-07 4:00
S-THC 21317958:21206230,2023-08-07 4:00,19.5295,76.00341667,15.2065,-73.597917,45.585361,2023-08-07 4:00
S-THC 21317959:21326443,2023-08-07 4:00,18.69475,73.19383333,13.816,-73.521556,45.586333,2023-08-07 4:00
S-THC 21317960:21336805,2023-08-07 4:00,19.05058333,75.75316667,14.68816667,-73.596472,45.586306,2023-08-07 4:00
S-THC 21317937:21326446,2023-08-09 20:00,25.2345,60.58108333,17.07266667,-73.535417,45.511028,2023-08-09 20:00
S-THC 21317938:21206238,2023-08-09 20:00,24.03891667,63.32708333,16.64625,-73.532472,45.518028,2023-08-09 20:00
S-THC 21317939:21326342,2023-08-09 20:00,26.1175,55.53633333,16.53183333,-73.586583,45.465944,2023-08-09 20:00
S-THC 21317940:21326448,2023-08-09 20:00,26.2035,54.99041667,16.46158333,-73.648944,45.493556,2023-08-09 20:00
S-THC 21317941:21348257,2023-08-09 20:00,26.70741667,46.38783333,14.26416667,-73.573583,45.593194,2023-08-09 20:00
S-THC 21317942:21326340,2023-08-09 20:00,24.58041667,55.83216667,15.171,-73.556306,45.575694,2023-08-09 20:00
S-THC 21317943:21326444,2023-08-09 20:00,21.8155,71.19425,16.385,-73.568444,45.593944,2023-08-09 20:00
S-THC 21317947:21348259,2023-08-09 20:00,25.31683333,59.2075,16.79583333,-73.615361,45.524389,2023-08-09 20:00
S-THC 21317948:21326445,2023-08-09 20:00,25.25083333,54.06366667,15.31041667,-73.519722,45.580972,2023-08-09 20:00
S-THC 21317949:21206231,2023-08-09 20:00,26.22125,53.75775,16.1175,-73.624667,45.57175,2023-08-09 20:00
S-THC 21317950:21326337,2023-08-09 20:00,26.31241667,53.43958333,16.11258333,-73.644056,45.53125,2023-08-09 20:00
S-THC 21317953:21348258,2023-08-09 20:00,25.32241667,53.5775,15.21916667,-73.559639,45.573333,2023-08-09 20:00
S-THC 21317958:21206230,2023-08-09 20:00,26.40891667,51.91433333,15.74458333,-73.597917,45.585361,2023-08-09 20:00
S-THC 21317959:21326443,2023-08-09 20:00,26.11583333,50.58866667,15.07158333,-73.521556,45.586333,2023-08-09 20:00
S-THC 21317960:21336805,2023-08-09 20:00,25.40975,55.19658333,15.78425,-73.596472,45.586306,2023-08-09 20:00
S-THC 21317937:21326446,2023-08-09 21:00,24.543,66.5045,17.90991667,-73.535417,45.511028,2023-08-09 21:00
S-THC 21317938:21206238,2023-08-09 21:00,23.58666667,68.87458333,17.55575,-73.532472,45.518028,2023-08-09 21:00
S-THC 21317939:21326342,2023-08-09 21:00,24.61983333,66.24983333,17.91325,-73.586583,45.465944,2023-08-09 21:00
S-THC 21317940:21326448,2023-08-09 21:00,24.86833333,63.44825,17.46383333,-73.648944,45.493556,2023-08-09 21:00
S-THC 21317941:21348257,2023-08-09 21:00,25.80841667,54.08258333,15.82491667,-73.573583,45.593194,2023-08-09 21:00
S-THC 21317942:21326340,2023-08-09 21:00,24.26791667,63.59058333,16.94191667,-73.556306,45.575694,2023-08-09 21:00
S-THC 21317943:21326444,2023-08-09 21:00,21.22733333,78.30741667,17.31641667,-73.568444,45.593944,2023-08-09 21:00
S-THC 21317947:21348259,2023-08-09 21:00,24.75383333,63.24391667,17.30925,-73.615361,45.524389,2023-08-09 21:00
S-THC 21317948:21326445,2023-08-09 21:00,25.18283333,58.992,16.6185,-73.519722,45.580972,2023-08-09 21:00
S-THC 21317949:21206231,2023-08-09 21:00,25.38825,60.53225,17.21283333,-73.624667,45.57175,2023-08-09 21:00
S-THC 21317950:21326337,2023-08-09 21:00,25.55983333,57.756,16.63308333,-73.644056,45.53125,2023-08-09 21:00
S-THC 21317953:21348258,2023-08-09 21:00,25.12391667,58.86316667,16.52775,-73.559639,45.573333,2023-08-09 21:00
S-THC 21317958:21206230,2023-08-09 21:00,25.64566667,58.94225,17.031,-73.597917,45.585361,2023-08-09 21:00
S-THC 21317959:21326443,2023-08-09 21:00,25.61891667,56.66308333,16.38733333,-73.521556,45.586333,2023-08-09 21:00
S-THC 21317960:21336805,2023-08-09 21:00,25.29183333,60.29166667,17.05941667,-73.596472,45.586306,2023-08-09 21:00
S-THC 21317937:21326446,2023-08-09 22:00,23.49733333,72.90583333,18.377,-73.535417,45.511028,2023-08-09 22:00
S-THC 21317938:21206238,2023-08-09 22:00,23.0845,73.60233333,18.13308333,-73.532472,45.518028,2023-08-09 22:00
S-THC 21317939:21326342,2023-08-09 22:00,23.53508333,71.04025,18.00133333,-73.586583,45.465944,2023-08-09 22:00
S-THC 21317940:21326448,2023-08-09 22:00,23.64025,70.61308333,18.00258333,-73.648944,45.493556,2023-08-09 22:00
S-THC 21317941:21348257,2023-08-09 22:00,24.73241667,61.33258333,16.80058333,-73.573583,45.593194,2023-08-09 22:00
S-THC 21317942:21326340,2023-08-09 22:00,23.80283333,68.82625,17.74841667,-73.556306,45.575694,2023-08-09 22:00
S-THC 21317943:21326444,2023-08-09 22:00,20.73041667,83.86783333,17.92441667,-73.568444,45.593944,2023-08-09 22:00
S-THC 21317947:21348259,2023-08-09 22:00,23.57958333,70.02875,17.81091667,-73.615361,45.524389,2023-08-09 22:00
S-THC 21317948:21326445,2023-08-09 22:00,24.5625,64.6,17.46825,-73.519722,45.580972,2023-08-09 22:00
S-THC 21317949:21206231,2023-08-09 22:00,24.22483333,67.62533333,17.8735,-73.624667,45.57175,2023-08-09 22:00
S-THC 21317950:21326337,2023-08-09 22:00,24.42516667,63.47675,17.06041667,-73.644056,45.53125,2023-08-09 22:00
S-THC 21317953:21348258,2023-08-09 22:00,24.20691667,65.476,17.34175,-73.559639,45.573333,2023-08-09 22:00
S-THC 21317958:21206230,2023-08-09 22:00,24.54125,65.8935,17.759,-73.597917,45.585361,2023-08-09 22:00
S-THC 21317959:21326443,2023-08-09 22:00,24.82008333,62.47441667,17.18208333,-73.521556,45.586333,2023-08-09 22:00
S-THC 21317960:21336805,2023-08-09 22:00,24.33558333,66.96858333,17.82208333,-73.596472,45.586306,2023-08-09 22:00
S-THC 21317937:21326446,2023-08-14 16:00,26.84858333,53.2825,16.56116667,-73.535417,45.511028,2023-08-14 16:00
S-THC 21317938:21206238,2023-08-14 16:00,23.59216667,66.9415,17.10366667,-73.532472,45.518028,2023-08-14 16:00
S-THC 21317939:21326342,2023-08-14 16:00,24.61075,58.28666667,15.8905,-73.586583,45.465944,2023-08-14 16:00
S-THC 21317940:21326448,2023-08-14 16:00,23.78333333,58.48625,15.16991667,-73.648944,45.493556,2023-08-14 16:00
S-THC 21317941:21348257,2023-08-14 16:00,24.25341667,54.93958333,14.63941667,-73.573583,45.593194,2023-08-14 16:00
S-THC 21317942:21326340,2023-08-14 16:00,22.77,66.98408333,16.33983333,-73.556306,45.575694,2023-08-14 16:00
S-THC 21317943:21326444,2023-08-14 16:00,22.71983333,70.49708333,17.096,-73.568444,45.593944,2023-08-14 16:00
S-THC 21317947:21348259,2023-08-14 16:00,24.86816667,58.12241667,16.08775,-73.615361,45.524389,2023-08-14 16:00
S-THC 21317948:21326445,2023-08-14 16:00,24.56975,59.09441667,16.06191667,-73.519722,45.580972,2023-08-14 16:00
S-THC 21317949:21206231,2023-08-14 16:00,24.47325,58.06991667,15.70783333,-73.624667,45.57175,2023-08-14 16:00
S-THC 21317950:21326337,2023-08-14 16:00,24.95033333,54.80666667,15.24958333,-73.644056,45.53125,2023-08-14 16:00
S-THC 21317953:21348258,2023-08-14 16:00,24.52508333,56.87458333,15.42908333,-73.559639,45.573333,2023-08-14 16:00
S-THC 21317958:21206230,2023-08-14 16:00,24.58408333,57.59216667,15.68191667,-73.597917,45.585361,2023-08-14 16:00
S-THC 21317959:21326443,2023-08-14 16:00,24.94158333,56.01091667,15.57275,-73.521556,45.586333,2023-08-14 16:00
S-THC 21317960:21336805,2023-08-14 16:00,24.09433333,59.09383333,15.62475,-73.596472,45.586306,2023-08-14 16:00
S-THC 21317937:21326446,2023-08-17 13:00,23.38291667,80.36166667,19.82175,-73.535417,45.511028,2023-08-17 13:00
S-THC 21317938:21206238,2023-08-17 13:00,21.64033333,94.20575,20.68566667,-73.532472,45.518028,2023-08-17 13:00
S-THC 21317939:21326342,2023-08-17 13:00,25.02733333,78.2545,20.97325,-73.586583,45.465944,2023-08-17 13:00
S-THC 21317940:21326448,2023-08-17 13:00,26.10333333,67.31208333,19.49725,-73.648944,45.493556,2023-08-17 13:00
S-THC 21317941:21348257,2023-08-17 13:00,24.31233333,72.95891667,19.14191667,-73.573583,45.593194,2023-08-17 13:00
S-THC 21317942:21326340,2023-08-17 13:00,21.60825,91.44066667,20.17733333,-73.556306,45.575694,2023-08-17 13:00
S-THC 21317943:21326444,2023-08-17 13:00,22.74658333,91.164,21.24658333,-73.568444,45.593944,2023-08-17 13:00
S-THC 21317947:21348259,2023-08-17 13:00,25.58483333,70.90716667,19.87441667,-73.615361,45.524389,2023-08-17 13:00
S-THC 21317948:21326445,2023-08-17 13:00,23.40983333,79.53741667,19.68608333,-73.519722,45.580972,2023-08-17 13:00
S-THC 21317949:21206231,2023-08-17 13:00,25.53658333,67.73058333,19.11058333,-73.624667,45.57175,2023-08-17 13:00
S-THC 21317950:21326337,2023-08-17 13:00,26.00325,64.43458333,18.72966667,-73.644056,45.53125,2023-08-17 13:00
S-THC 21317953:21348258,2023-08-17 13:00,23.46341667,83.61708333,20.521,-73.559639,45.573333,2023-08-17 13:00
S-THC 21317958:21206230,2023-08-17 13:00,25.33833333,69.55383333,19.3545,-73.597917,45.585361,2023-08-17 13:00
S-THC 21317959:21326443,2023-08-17 13:00,23.74941667,73.34616667,18.70941667,-73.521556,45.586333,2023-08-17 13:00
S-THC 21317960:21336805,2023-08-17 13:00,24.31591667,73.28966667,19.2305,-73.596472,45.586306,2023-08-17 13:00
S-THC 21317937:21326446,2023-08-17 14:00,24.9075,72.26866667,19.47991667,-73.535417,45.511028,2023-08-17 14:00
S-THC 21317938:21206238,2023-08-17 14:00,22.5555,91.45358333,21.11241667,-73.532472,45.518028,2023-08-17 14:00
S-THC 21317939:21326342,2023-08-17 14:00,26.32125,63.343,18.72183333,-73.586583,45.465944,2023-08-17 14:00
S-THC 21317940:21326448,2023-08-17 14:00,27.1025,59.41275,18.51291667,-73.648944,45.493556,2023-08-17 14:00
S-THC 21317941:21348257,2023-08-17 14:00,25.86733333,65.60666667,18.94266667,-73.573583,45.593194,2023-08-17 14:00
S-THC 21317942:21326340,2023-08-17 14:00,22.71975,84.2935,19.95225,-73.556306,45.575694,2023-08-17 14:00
S-THC 21317943:21326444,2023-08-17 14:00,23.75658333,86.9605,21.46841667,-73.568444,45.593944,2023-08-17 14:00
S-THC 21317947:21348259,2023-08-17 14:00,26.41783333,66.32675,19.64641667,-73.615361,45.524389,2023-08-17 14:00
S-THC 21317948:21326445,2023-08-17 14:00,24.2105,76.74275,19.88791667,-73.519722,45.580972,2023-08-17 14:00
S-THC 21317949:21206231,2023-08-17 14:00,26.52141667,63.71566667,19.10166667,-73.624667,45.57175,2023-08-17 14:00
S-THC 21317950:21326337,2023-08-17 14:00,27.07208333,60.26866667,18.72983333,-73.644056,45.53125,2023-08-17 14:00
S-THC 21317953:21348258,2023-08-17 14:00,24.95041667,74.22216667,20.05175,-73.559639,45.573333,2023-08-17 14:00
S-THC 21317958:21206230,2023-08-17 14:00,26.71291667,64.12083333,19.37791667,-73.597917,45.585361,2023-08-17 14:00
S-THC 21317959:21326443,2023-08-17 14:00,24.61458333,72.3545,19.32683333,-73.521556,45.586333,2023-08-17 14:00
S-THC 21317960:21336805,2023-08-17 14:00,25.49016667,68.04641667,19.18183333,-73.596472,45.586306,2023-08-17 14:00
S-THC 21317937:21326446,2023-08-17 15:00,26.26583333,64.81508333,19.0565,-73.535417,45.511028,2023-08-17 15:00
S-THC 21317938:21206238,2023-08-17 15:00,22.90941667,85.02866667,20.27891667,-73.532472,45.518028,2023-08-17 15:00
S-THC 21317939:21326342,2023-08-17 15:00,26.27308333,71.80533333,20.73591667,-73.586583,45.465944,2023-08-17 15:00
S-THC 21317940:21326448,2023-08-17 15:00,26.51266667,67.28391667,19.90675,-73.648944,45.493556,2023-08-17 15:00
S-THC 21317941:21348257,2023-08-17 15:00,27.51533333,58.72516667,18.72516667,-73.573583,45.593194,2023-08-17 15:00
S-THC 21317942:21326340,2023-08-17 15:00,24.20683333,77.88491667,20.12558333,-73.556306,45.575694,2023-08-17 15:00
S-THC 21317943:21326444,2023-08-17 15:00,25.31141667,77.75891667,21.15175,-73.568444,45.593944,2023-08-17 15:00
S-THC 21317947:21348259,2023-08-17 15:00,26.55366667,67.45333333,20.00641667,-73.615361,45.524389,2023-08-17 15:00
S-THC 21317948:21326445,2023-08-17 15:00,25.9585,68.63391667,19.759,-73.519722,45.580972,2023-08-17 15:00
S-THC 21317949:21206231,2023-08-17 15:00,27.43833333,61.54391667,19.40958333,-73.624667,45.57175,2023-08-17 15:00
S-THC 21317950:21326337,2023-08-17 15:00,27.53475,59.7905,19.02316667,-73.644056,45.53125,2023-08-17 15:00
S-THC 21317953:21348258,2023-08-17 15:00,26.48925,67.85575,20.08733333,-73.559639,45.573333,2023-08-17 15:00
S-THC 21317958:21206230,2023-08-17 15:00,27.74941667,61.15608333,19.59975,-73.597917,45.585361,2023-08-17 15:00
S-THC 21317959:21326443,2023-08-17 15:00,26.56966667,63.405,19.06508333,-73.521556,45.586333,2023-08-17 15:00
S-THC 21317960:21336805,2023-08-17 15:00,26.80391667,64.01008333,19.44316667,-73.596472,45.586306,2023-08-17 15:00
S-THC 21317937:21326446,2023-08-18 15:00,23.12016667,66.07108333,16.34325,-73.535417,45.511028,2023-08-18 15:00
S-THC 21317938:21206238,2023-08-18 15:00,20.10133333,91.19558333,18.62583333,-73.532472,45.518028,2023-08-18 15:00
S-THC 21317939:21326342,2023-08-18 15:00,22.87183333,63.50108333,15.46258333,-73.586583,45.465944,2023-08-18 15:00
S-THC 21317940:21326448,2023-08-18 15:00,23.106,57.62558333,14.29958333,-73.648944,45.493556,2023-08-18 15:00
S-THC 21317941:21348257,2023-08-18 15:00,24.17133333,50.24666667,13.163,-73.573583,45.593194,2023-08-18 15:00
S-THC 21317942:21326340,2023-08-18 15:00,21.66883333,72.12783333,16.33741667,-73.556306,45.575694,2023-08-18 15:00
S-THC 21317943:21326444,2023-08-18 15:00,22.0675,74.41783333,17.26091667,-73.568444,45.593944,2023-08-18 15:00
S-THC 21317947:21348259,2023-08-18 15:00,23.73866667,59.53233333,15.39441667,-73.615361,45.524389,2023-08-18 15:00
S-THC 21317948:21326445,2023-08-18 15:00,23.05058333,68.75891667,16.85491667,-73.519722,45.580972,2023-08-18 15:00
S-THC 21317949:21206231,2023-08-18 15:00,23.81716667,55.16383333,14.28933333,-73.624667,45.57175,2023-08-18 15:00
S-THC 21317950:21326337,2023-08-18 15:00,24.50725,51.61975,13.88925,-73.644056,45.53125,2023-08-18 15:00
S-THC 21317953:21348258,2023-08-18 15:00,23.9155,60.05491667,15.56591667,-73.559639,45.573333,2023-08-18 15:00
S-THC 21317958:21206230,2023-08-18 15:00,24.57858333,53.32883333,14.46016667,-73.597917,45.585361,2023-08-18 15:00
S-THC 21317959:21326443,2023-08-18 15:00,23.12916667,65.24675,16.07591667,-73.521556,45.586333,2023-08-18 15:00
S-THC 21317960:21336805,2023-08-18 15:00,23.97983333,55.16066667,14.42166667,-73.596472,45.586306,2023-08-18 15:00
S-THC 21317937:21326446,2023-08-22 6:00,16.70725,69.10175,11.0295,-73.535417,45.511028,2023-08-22 6:00
S-THC 21317938:21206238,2023-08-22 6:00,16.25333333,71.39116667,11.08583333,-73.532472,45.518028,2023-08-22 6:00
S-THC 21317939:21326342,2023-08-22 6:00,16.18183333,72.67625,11.27666667,-73.586583,45.465944,2023-08-22 6:00
S-THC 21317940:21326448,2023-08-22 6:00,15.43458333,76.80166667,11.399,-73.648944,45.493556,2023-08-22 6:00
S-THC 21317941:21348257,2023-08-22 6:00,15.71366667,68.94216667,10.04325,-73.573583,45.593194,2023-08-22 6:00
S-THC 21317942:21326340,2023-08-22 6:00,15.35608333,75.88566667,11.13975,-73.556306,45.575694,2023-08-22 6:00
S-THC 21317943:21326444,2023-08-22 6:00,12.43575,93.05641667,11.35833333,-73.568444,45.593944,2023-08-22 6:00
S-THC 21317947:21348259,2023-08-22 6:00,15.66341667,74.65891667,11.19075,-73.615361,45.524389,2023-08-22 6:00
S-THC 21317948:21326445,2023-08-22 6:00,15.53483333,73.64191667,10.83225,-73.519722,45.580972,2023-08-22 6:00
S-THC 21317949:21206231,2023-08-22 6:00,15.05216667,75.41958333,10.755,-73.624667,45.57175,2023-08-22 6:00
S-THC 21317950:21326337,2023-08-22 6:00,15.05225,75.6885,10.80825,-73.644056,45.53125,2023-08-22 6:00
S-THC 21317953:21348258,2023-08-22 6:00,15.56166667,72.39525,10.626,-73.559639,45.573333,2023-08-22 6:00
S-THC 21317958:21206230,2023-08-22 6:00,15.28266667,74.75408333,10.84516667,-73.597917,45.585361,2023-08-22 6:00
S-THC 21317959:21326443,2023-08-22 6:00,15.65266667,69.97083333,10.20658333,-73.521556,45.586333,2023-08-22 6:00
S-THC 21317960:21336805,2023-08-22 6:00,15.056,73.53716667,10.37916667,-73.596472,45.586306,2023-08-22 6:00
S-THC 21317937:21326446,2023-08-22 16:00,23.508,48.38158333,11.98491667,-73.535417,45.511028,2023-08-22 16:00
S-THC 21317938:21206238,2023-08-22 16:00,21.03991667,59.7975,12.93916667,-73.532472,45.518028,2023-08-22 16:00
S-THC 21317939:21326342,2023-08-22 16:00,25.04341667,42.37225,11.37791667,-73.586583,45.465944,2023-08-22 16:00
S-THC 21317940:21326448,2023-08-22 16:00,23.52425,42.91316667,10.19441667,-73.648944,45.493556,2023-08-22 16:00
S-THC 21317941:21348257,2023-08-22 16:00,24.97908333,36.29758333,8.994916667,-73.573583,45.593194,2023-08-22 16:00
S-THC 21317942:21326340,2023-08-22 16:00,22.72708333,43.82183333,9.7795,-73.556306,45.575694,2023-08-22 16:00
S-THC 21317943:21326444,2023-08-22 16:00,22.677,55.36508333,13.24675,-73.568444,45.593944,2023-08-22 16:00
S-THC 21317947:21348259,2023-08-22 16:00,24.27308333,41.31908333,10.29041667,-73.615361,45.524389,2023-08-22 16:00
S-THC 21317948:21326445,2023-08-22 16:00,24.80033333,38.14458333,9.587166667,-73.519722,45.580972,2023-08-22 16:00
S-THC 21317949:21206231,2023-08-22 16:00,24.87716667,39.46033333,10.1605,-73.624667,45.57175,2023-08-22 16:00
S-THC 21317950:21326337,2023-08-22 16:00,23.98691667,39.17016667,9.258833333,-73.644056,45.53125,2023-08-22 16:00
S-THC 21317953:21348258,2023-08-22 16:00,24.59641667,36.45866667,8.730083333,-73.559639,45.573333,2023-08-22 16:00
S-THC 21317958:21206230,2023-08-22 16:00,24.70016667,38.935,9.794083333,-73.597917,45.585361,2023-08-22 16:00
S-THC 21317959:21326443,2023-08-22 16:00,25.7155,37.026,9.9535,-73.521556,45.586333,2023-08-22 16:00
S-THC 21317960:21336805,2023-08-22 16:00,23.97983333,40.793,9.843333333,-73.596472,45.586306,2023-08-22 16:00
S-THC 21317937:21326446,2023-08-22 17:00,23.94416667,46.21325,11.69291667,-73.535417,45.511028,2023-08-22 17:00
S-THC 21317938:21206238,2023-08-22 17:00,21.47233333,55.28491667,12.12266667,-73.532472,45.518028,2023-08-22 17:00
S-THC 21317939:21326342,2023-08-22 17:00,23.35791667,45.53858333,10.94583333,-73.586583,45.465944,2023-08-22 17:00
S-THC 21317940:21326448,2023-08-22 17:00,23.74216667,40.55358333,9.549916667,-73.648944,45.493556,2023-08-22 17:00
S-THC 21317941:21348257,2023-08-22 17:00,25.4885,34.193,8.573166667,-73.573583,45.593194,2023-08-22 17:00
S-THC 21317942:21326340,2023-08-22 17:00,23.11666667,41.28975,9.251833333,-73.556306,45.575694,2023-08-22 17:00
S-THC 21317943:21326444,2023-08-22 17:00,22.41958333,51.90108333,12.05441667,-73.568444,45.593944,2023-08-22 17:00
S-THC 21317947:21348259,2023-08-22 17:00,23.21333333,43.47508333,10.11166667,-73.615361,45.524389,2023-08-22 17:00
S-THC 21317948:21326445,2023-08-22 17:00,24.22666667,38.25533333,9.122166667,-73.519722,45.580972,2023-08-22 17:00
S-THC 21317949:21206231,2023-08-22 17:00,24.17108333,39.35758333,9.488833333,-73.624667,45.57175,2023-08-22 17:00
S-THC 21317950:21326337,2023-08-22 17:00,23.85483333,38.436,8.864333333,-73.644056,45.53125,2023-08-22 17:00
S-THC 21317953:21348258,2023-08-22 17:00,24.677,36.3895,8.780083333,-73.559639,45.573333,2023-08-22 17:00
S-THC 21317958:21206230,2023-08-22 17:00,25.60825,35.15433333,9.08925,-73.597917,45.585361,2023-08-22 17:00
S-THC 21317959:21326443,2023-08-22 17:00,25.29183333,36.77791667,9.482166667,-73.521556,45.586333,2023-08-22 17:00
S-THC 21317960:21336805,2023-08-22 17:00,24.44816667,38.23466667,9.310583333,-73.596472,45.586306,2023-08-22 17:00
S-THC 21317937:21326446,2023-08-22 19:00,22.314,44.69891667,9.699666667,-73.535417,45.511028,2023-08-22 19:00
S-THC 21317938:21206238,2023-08-22 19:00,21.65816667,47.25316667,9.831916667,-73.532472,45.518028,2023-08-22 19:00
S-THC 21317939:21326342,2023-08-22 19:00,23.0845,38.76925,8.30025,-73.586583,45.465944,2023-08-22 19:00
S-THC 21317940:21326448,2023-08-22 19:00,22.73241667,40.99925,8.796916667,-73.648944,45.493556,2023-08-22 19:00
S-THC 21317941:21348257,2023-08-22 19:00,23.30783333,38.6135,8.424333333,-73.573583,45.593194,2023-08-22 19:00
S-THC 21317942:21326340,2023-08-22 19:00,22.40533333,41.61291667,8.733166667,-73.556306,45.575694,2023-08-22 19:00
S-THC 21317943:21326444,2023-08-22 19:00,19.35075,59.68358333,11.27533333,-73.568444,45.593944,2023-08-22 19:00
S-THC 21317947:21348259,2023-08-22 19:00,22.80558333,40.1605,8.57225,-73.615361,45.524389,2023-08-22 19:00
S-THC 21317948:21326445,2023-08-22 19:00,22.904,42.8455,9.61025,-73.519722,45.580972,2023-08-22 19:00
S-THC 21317949:21206231,2023-08-22 19:00,22.67675,39.90608333,8.3625,-73.624667,45.57175,2023-08-22 19:00
S-THC 21317950:21326337,2023-08-22 19:00,23.18108333,37.06791667,7.73025,-73.644056,45.53125,2023-08-22 19:00
S-THC 21317953:21348258,2023-08-22 19:00,23.1005,38.96808333,8.386833333,-73.559639,45.573333,2023-08-22 19:00
S-THC 21317958:21206230,2023-08-22 19:00,23.42233333,39.05291667,8.701666667,-73.597917,45.585361,2023-08-22 19:00
S-THC 21317959:21326443,2023-08-22 19:00,22.59641667,44.63125,9.941083333,-73.521556,45.586333,2023-08-22 19:00
S-THC 21317960:21336805,2023-08-22 19:00,22.86108333,40.37016667,8.697,-73.596472,45.586306,2023-08-22 19:00
S-THC 21317937:21326446,2023-08-22 20:00,20.07833333,53.67966667,10.39916667,-73.535417,45.511028,2023-08-22 20:00
S-THC 21317938:21206238,2023-08-22 20:00,19.54033333,57.934,11.04683333,-73.532472,45.518028,2023-08-22 20:00
S-THC 21317939:21326342,2023-08-22 20:00,21.75816667,44.55925,9.132833333,-73.586583,45.465944,2023-08-22 20:00
S-THC 21317940:21326448,2023-08-22 20:00,21.87975,42.27775,8.497583333,-73.648944,45.493556,2023-08-22 20:00
S-THC 21317941:21348257,2023-08-22 20:00,22.1495,43.41716667,9.139166667,-73.573583,45.593194,2023-08-22 20:00
S-THC 21317942:21326340,2023-08-22 20:00,20.63583333,48.40708333,9.374,-73.556306,45.575694,2023-08-22 20:00
S-THC 21317943:21326444,2023-08-22 20:00,17.48108333,69.5625,11.858,-73.568444,45.593944,2023-08-22 20:00
S-THC 21317947:21348259,2023-08-22 20:00,21.82066667,44.39158333,9.16525,-73.615361,45.524389,2023-08-22 20:00
S-THC 21317948:21326445,2023-08-22 20:00,21.92283333,45.60725,9.667083333,-73.519722,45.580972,2023-08-22 20:00
S-THC 21317949:21206231,2023-08-22 20:00,21.93525,43.84316667,9.086666667,-73.624667,45.57175,2023-08-22 20:00
S-THC 21317950:21326337,2023-08-22 20:00,22.0335,41.73666667,8.443166667,-73.644056,45.53125,2023-08-22 20:00
S-THC 21317953:21348258,2023-08-22 20:00,21.78141667,44.18825,9.038333333,-73.559639,45.573333,2023-08-22 20:00
S-THC 21317958:21206230,2023-08-22 20:00,22.31041667,44.00441667,9.48525,-73.597917,45.585361,2023-08-22 20:00
S-THC 21317959:21326443,2023-08-22 20:00,21.40791667,48.65325,10.1635,-73.521556,45.586333,2023-08-22 20:00
S-THC 21317960:21336805,2023-08-22 20:00,21.86191667,45.04975,9.422916667,-73.596472,45.586306,2023-08-22 20:00
S-THC 21317937:21326446,2023-08-22 21:00,19.23816667,57.19316667,10.57716667,-73.535417,45.511028,2023-08-22 21:00
S-THC 21317938:21206238,2023-08-22 21:00,19.57408333,57.49233333,10.95958333,-73.532472,45.518028,2023-08-22 21:00
S-THC 21317939:21326342,2023-08-22 21:00,19.72616667,53.13875,9.9165,-73.586583,45.465944,2023-08-22 21:00
S-THC 21317940:21326448,2023-08-22 21:00,21.045,47.12933333,9.337083333,-73.648944,45.493556,2023-08-22 21:00
S-THC 21317941:21348257,2023-08-22 21:00,21.87633333,42.745,8.662,-73.573583,45.593194,2023-08-22 21:00
S-THC 21317942:21326340,2023-08-22 21:00,19.96916667,50.91133333,9.512166667,-73.556306,45.575694,2023-08-22 21:00
S-THC 21317943:21326444,2023-08-22 21:00,16.8395,66.88516667,10.65141667,-73.568444,45.593944,2023-08-22 21:00
S-THC 21317947:21348259,2023-08-22 21:00,20.13733333,53.74941667,10.44433333,-73.615361,45.524389,2023-08-22 21:00
S-THC 21317948:21326445,2023-08-22 21:00,21.04516667,49.6955,10.14008333,-73.519722,45.580972,2023-08-22 21:00
S-THC 21317949:21206231,2023-08-22 21:00,20.81275,46.50308333,8.947166667,-73.624667,45.57175,2023-08-22 21:00
S-THC 21317950:21326337,2023-08-22 21:00,21.23808333,45.07333333,8.87125,-73.644056,45.53125,2023-08-22 21:00
S-THC 21317953:21348258,2023-08-22 21:00,19.38641667,55.26725,10.18741667,-73.559639,45.573333,2023-08-22 21:00
S-THC 21317958:21206230,2023-08-22 21:00,21.57783333,45.094,9.185916667,-73.597917,45.585361,2023-08-22 21:00
S-THC 21317959:21326443,2023-08-22 21:00,20.5125,52.10783333,10.35358333,-73.521556,45.586333,2023-08-22 21:00
S-THC 21317960:21336805,2023-08-22 21:00,20.70375,47.62058333,9.198083333,-73.596472,45.586306,2023-08-22 21:00
S-THC 21317937:21326446,2023-08-22 22:00,18.5965,63.44091667,11.53441667,-73.535417,45.511028,2023-08-22 22:00
S-THC 21317938:21206238,2023-08-22 22:00,18.99866667,60.16391667,11.10858333,-73.532472,45.518028,2023-08-22 22:00
S-THC 21317939:21326342,2023-08-22 22:00,18.36758333,61.81625,10.922,-73.586583,45.465944,2023-08-22 22:00
S-THC 21317940:21326448,2023-08-22 22:00,19.567,54.98583333,10.29258333,-73.648944,45.493556,2023-08-22 22:00
S-THC 21317941:21348257,2023-08-22 22:00,20.786,47.2845,9.16225,-73.573583,45.593194,2023-08-22 22:00
S-THC 21317942:21326340,2023-08-22 22:00,19.05933333,56.94208333,10.33758333,-73.556306,45.575694,2023-08-22 22:00
S-THC 21317943:21326444,2023-08-22 22:00,16.44091667,68.35158333,10.60591667,-73.568444,45.593944,2023-08-22 22:00
S-THC 21317947:21348259,2023-08-22 22:00,18.71983333,60.49875,10.93733333,-73.615361,45.524389,2023-08-22 22:00
S-THC 21317948:21326445,2023-08-22 22:00,19.73516667,57.382,11.08825,-73.519722,45.580972,2023-08-22 22:00
S-THC 21317949:21206231,2023-08-22 22:00,20.04608333,51.739,9.819083333,-73.624667,45.57175,2023-08-22 22:00
S-THC 21317950:21326337,2023-08-22 22:00,20.36766667,47.63341667,8.89225,-73.644056,45.53125,2023-08-22 22:00
S-THC 21317953:21348258,2023-08-22 22:00,19.34533333,54.97358333,10.07066667,-73.559639,45.573333,2023-08-22 22:00
S-THC 21317958:21206230,2023-08-22 22:00,20.41233333,51.52408333,10.09416667,-73.597917,45.585361,2023-08-22 22:00
S-THC 21317959:21326443,2023-08-22 22:00,19.48466667,57.98766667,11.01741667,-73.521556,45.586333,2023-08-22 22:00
S-THC 21317960:21336805,2023-08-22 22:00,19.57058333,53.93041667,9.991166667,-73.596472,45.586306,2023-08-22 22:00
S-THC 21317937:21326446,2023-08-22 23:00,18.63583333,64.22233333,11.71541667,-73.535417,45.511028,2023-08-22 23:00
S-THC 21317938:21206238,2023-08-22 23:00,18.83058333,65.19925,12.12816667,-73.532472,45.518028,2023-08-22 23:00
S-THC 21317939:21326342,2023-08-22 23:00,17.642,63.268,10.58925,-73.586583,45.465944,2023-08-22 23:00
S-THC 21317940:21326448,2023-08-22 23:00,18.98075,58.52516667,10.67758333,-73.648944,45.493556,2023-08-22 23:00
S-THC 21317941:21348257,2023-08-22 23:00,19.84758333,52.23375,9.780916667,-73.573583,45.593194,2023-08-22 23:00
S-THC 21317942:21326340,2023-08-22 23:00,18.37833333,57.50566667,9.852833333,-73.556306,45.575694,2023-08-22 23:00
S-THC 21317943:21326444,2023-08-22 23:00,15.6975,72.22216667,10.72425,-73.568444,45.593944,2023-08-22 23:00
S-THC 21317947:21348259,2023-08-22 23:00,18.021,63.80666667,11.07925,-73.615361,45.524389,2023-08-22 23:00
S-THC 21317948:21326445,2023-08-22 23:00,19.07183333,57.98066667,10.62525,-73.519722,45.580972,2023-08-22 23:00
S-THC 21317949:21206231,2023-08-22 23:00,19.02725,56.51425,10.19958333,-73.624667,45.57175,2023-08-22 23:00
S-THC 21317950:21326337,2023-08-22 23:00,19.54733333,51.26075,9.23,-73.644056,45.53125,2023-08-22 23:00
S-THC 21317953:21348258,2023-08-22 23:00,18.6555,56.48766667,9.81575,-73.559639,45.573333,2023-08-22 23:00
S-THC 21317958:21206230,2023-08-22 23:00,19.27033333,57.5195,10.68891667,-73.597917,45.585361,2023-08-22 23:00
S-THC 21317959:21326443,2023-08-22 23:00,18.73416667,58.712,10.50108333,-73.521556,45.586333,2023-08-22 23:00
S-THC 21317960:21336805,2023-08-22 23:00,18.28541667,60.04883333,10.41408333,-73.596472,45.586306,2023-08-22 23:00
S-THC 21317937:21326446,2023-08-23 3:00,16.95033333,78.92675,13.27925,-73.535417,45.511028,2023-08-23 3:00
S-THC 21317938:21206238,2023-08-23 3:00,16.24241667,84.1215,13.5755,-73.532472,45.518028,2023-08-23 3:00
S-THC 21317939:21326342,2023-08-23 3:00,15.08083333,84.685,12.53616667,-73.586583,45.465944,2023-08-23 3:00
S-THC 21317940:21326448,2023-08-23 3:00,15.72075,75.78125,11.472,-73.648944,45.493556,2023-08-23 3:00
S-THC 21317941:21348257,2023-08-23 3:00,16.38908333,73.42266667,11.63908333,-73.573583,45.593194,2023-08-23 3:00
S-THC 21317942:21326340,2023-08-23 3:00,15.23283333,80.44816667,11.90441667,-73.556306,45.575694,2023-08-23 3:00
S-THC 21317943:21326444,2023-08-23 3:00,12.84516667,90.46575,11.337,-73.568444,45.593944,2023-08-23 3:00
S-THC 21317947:21348259,2023-08-23 3:00,15.22183333,77.52391667,11.334,-73.615361,45.524389,2023-08-23 3:00
S-THC 21317948:21326445,2023-08-23 3:00,14.81983333,78.64575,11.1605,-73.519722,45.580972,2023-08-23 3:00
S-THC 21317949:21206231,2023-08-23 3:00,15.3525,77.79658333,11.51316667,-73.624667,45.57175,2023-08-23 3:00
S-THC 21317950:21326337,2023-08-23 3:00,15.76716667,71.86983333,10.71683333,-73.644056,45.53125,2023-08-23 3:00
S-THC 21317953:21348258,2023-08-23 3:00,14.75891667,79.15966667,11.19758333,-73.559639,45.573333,2023-08-23 3:00
S-THC 21317958:21206230,2023-08-23 3:00,15.34891667,78.32408333,11.61158333,-73.597917,45.585361,2023-08-23 3:00
S-THC 21317959:21326443,2023-08-23 3:00,15.22558333,74.26133333,10.68966667,-73.521556,45.586333,2023-08-23 3:00
S-THC 21317960:21336805,2023-08-23 3:00,14.66266667,79.27375,11.12566667,-73.596472,45.586306,2023-08-23 3:00
S-THC 21317937:21326446,2023-08-23 7:00,17.18441667,79.55233333,13.62516667,-73.535417,45.511028,2023-08-23 7:00
S-THC 21317938:21206238,2023-08-23 7:00,16.441,86.527,14.19825,-73.532472,45.518028,2023-08-23 7:00
S-THC 21317939:21326342,2023-08-23 7:00,17.59733333,76.01225,13.31391667,-73.586583,45.465944,2023-08-23 7:00
S-THC 21317940:21326448,2023-08-23 7:00,16.49658333,74.14058333,11.87825,-73.648944,45.493556,2023-08-23 7:00
S-THC 21317941:21348257,2023-08-23 7:00,17.14341667,67.25183333,11.03266667,-73.573583,45.593194,2023-08-23 7:00
S-THC 21317942:21326340,2023-08-23 7:00,15.83691667,80.21233333,12.44575,-73.556306,45.575694,2023-08-23 7:00
S-THC 21317943:21326444,2023-08-23 7:00,13.04841667,95.16258333,12.30733333,-73.568444,45.593944,2023-08-23 7:00
S-THC 21317947:21348259,2023-08-23 7:00,17.17366667,73.40475,12.38791667,-73.615361,45.524389,2023-08-23 7:00
S-THC 21317948:21326445,2023-08-23 7:00,19.6705,66.16483333,13.18725,-73.519722,45.580972,2023-08-23 7:00
S-THC 21317949:21206231,2023-08-23 7:00,17.10058333,72.70925,12.15858333,-73.624667,45.57175,2023-08-23 7:00
S-THC 21317950:21326337,2023-08-23 7:00,16.53566667,71.12341667,11.25233333,-73.644056,45.53125,2023-08-23 7:00
S-THC 21317953:21348258,2023-08-23 7:00,17.73491667,71.98908333,12.60625,-73.559639,45.573333,2023-08-23 7:00
S-THC 21317958:21206230,2023-08-23 7:00,15.7565,75.891,11.52641667,-73.597917,45.585361,2023-08-23 7:00
S-THC 21317959:21326443,2023-08-23 7:00,16.61441667,73.29075,11.81316667,-73.521556,45.586333,2023-08-23 7:00
S-THC 21317960:21336805,2023-08-23 7:00,16.14775,73.88983333,11.49383333,-73.596472,45.586306,2023-08-23 7:00
S-THC 21317937:21326446,2023-08-23 8:00,20.048,69.48658333,14.28491667,-73.535417,45.511028,2023-08-23 8:00
S-THC 21317938:21206238,2023-08-23 8:00,18.42658333,78.53741667,14.64166667,-73.532472,45.518028,2023-08-23 8:00
S-THC 21317939:21326342,2023-08-23 8:00,19.90125,67.66508333,13.75091667,-73.586583,45.465944,2023-08-23 8:00
S-THC 21317940:21326448,2023-08-23 8:00,18.23191667,70.29133333,12.7495,-73.648944,45.493556,2023-08-23 8:00
S-THC 21317941:21348257,2023-08-23 8:00,19.138,60.98316667,11.43583333,-73.573583,45.593194,2023-08-23 8:00
S-THC 21317942:21326340,2023-08-23 8:00,17.80658333,72.29333333,12.75925,-73.556306,45.575694,2023-08-23 8:00
S-THC 21317943:21326444,2023-08-23 8:00,15.32925,93.30841667,14.26525,-73.568444,45.593944,2023-08-23 8:00
S-THC 21317947:21348259,2023-08-23 8:00,19.853,65.647,13.23775,-73.615361,45.524389,2023-08-23 8:00
S-THC 21317948:21326445,2023-08-23 8:00,21.76008333,59.55533333,13.54191667,-73.519722,45.580972,2023-08-23 8:00
S-THC 21317949:21206231,2023-08-23 8:00,19.349,63.81758333,12.338,-73.624667,45.57175,2023-08-23 8:00
S-THC 21317950:21326337,2023-08-23 8:00,20.1445,60.28683333,12.21991667,-73.644056,45.53125,2023-08-23 8:00
S-THC 21317953:21348258,2023-08-23 8:00,20.41591667,60.679,12.55033333,-73.559639,45.573333,2023-08-23 8:00
S-THC 21317958:21206230,2023-08-23 8:00,18.18891667,68.483,12.29375,-73.597917,45.585361,2023-08-23 8:00
S-THC 21317959:21326443,2023-08-23 8:00,19.82616667,61.78233333,12.2795,-73.521556,45.586333,2023-08-23 8:00
S-THC 21317960:21336805,2023-08-23 8:00,18.21575,67.34791667,12.07733333,-73.596472,45.586306,2023-08-23 8:00
S-THC 21317937:21326446,2023-08-23 9:00,21.31141667,66.46166667,14.80666667,-73.535417,45.511028,2023-08-23 9:00
S-THC 21317938:21206238,2023-08-23 9:00,20.062,74.43875,15.39633333,-73.532472,45.518028,2023-08-23 9:00
S-THC 21317939:21326342,2023-08-23 9:00,21.65641667,62.64833333,14.23583333,-73.586583,45.465944,2023-08-23 9:00
S-THC 21317940:21326448,2023-08-23 9:00,20.09433333,66.23616667,13.616,-73.648944,45.493556,2023-08-23 9:00
S-THC 21317941:21348257,2023-08-23 9:00,21.45433333,52.93441667,11.45683333,-73.573583,45.593194,2023-08-23 9:00
S-THC 21317942:21326340,2023-08-23 9:00,19.88166667,63.47683333,12.74383333,-73.556306,45.575694,2023-08-23 9:00
S-THC 21317943:21326444,2023-08-23 9:00,18.68766667,82.013,15.55908333,-73.568444,45.593944,2023-08-23 9:00
S-THC 21317947:21348259,2023-08-23 9:00,21.86908333,59.67266667,13.682,-73.615361,45.524389,2023-08-23 9:00
S-THC 21317948:21326445,2023-08-23 9:00,23.36333333,51.25866667,12.7325,-73.519722,45.580972,2023-08-23 9:00
S-THC 21317949:21206231,2023-08-23 9:00,21.90316667,57.43891667,13.11308333,-73.624667,45.57175,2023-08-23 9:00
S-THC 21317950:21326337,2023-08-23 9:00,22.13175,55.71133333,12.875,-73.644056,45.53125,2023-08-23 9:00
S-THC 21317953:21348258,2023-08-23 9:00,22.34083333,52.8575,12.2605,-73.559639,45.573333,2023-08-23 9:00
S-THC 21317958:21206230,2023-08-23 9:00,21.50441667,58.0645,12.91033333,-73.597917,45.585361,2023-08-23 9:00
S-THC 21317959:21326443,2023-08-23 9:00,22.10325,52.52075,11.93608333,-73.521556,45.586333,2023-08-23 9:00
S-THC 21317960:21336805,2023-08-23 9:00,20.36766667,61.40916667,12.70308333,-73.596472,45.586306,2023-08-23 9:00
S-THC 21317937:21326446,2023-08-23 19:00,22.96475,59.6255,14.68241667,-73.535417,45.511028,2023-08-23 19:00
S-THC 21317938:21206238,2023-08-23 19:00,21.03441667,66.45216667,14.56041667,-73.532472,45.518028,2023-08-23 19:00
S-THC 21317939:21326342,2023-08-23 19:00,23.11325,55.32075,13.64775,-73.586583,45.465944,2023-08-23 19:00
S-THC 21317940:21326448,2023-08-23 19:00,23.67983333,49.95675,12.64258333,-73.648944,45.493556,2023-08-23 19:00
S-THC 21317941:21348257,2023-08-23 19:00,23.72258333,53.61033333,13.76033333,-73.573583,45.593194,2023-08-23 19:00
S-THC 21317942:21326340,2023-08-23 19:00,21.65991667,62.65708333,14.24308333,-73.556306,45.575694,2023-08-23 19:00
S-THC 21317943:21326444,2023-08-23 19:00,19.65641667,74.32683333,14.97783333,-73.568444,45.593944,2023-08-23 19:00
S-THC 21317947:21348259,2023-08-23 19:00,22.80208333,56.80191667,13.79758333,-73.615361,45.524389,2023-08-23 19:00
S-THC 21317948:21326445,2023-08-23 19:00,22.727,58.63941667,14.22291667,-73.519722,45.580972,2023-08-23 19:00
S-THC 21317949:21206231,2023-08-23 19:00,23.1435,55.049,13.633,-73.624667,45.57175,2023-08-23 19:00
S-THC 21317950:21326337,2023-08-23 19:00,23.81191667,51.60533333,13.26416667,-73.644056,45.53125,2023-08-23 19:00
S-THC 21317953:21348258,2023-08-23 19:00,23.00766667,56.54141667,13.91933333,-73.559639,45.573333,2023-08-23 19:00
S-THC 21317958:21206230,2023-08-23 19:00,23.7385,53.76408333,13.81991667,-73.597917,45.585361,2023-08-23 19:00
S-THC 21317959:21326443,2023-08-23 19:00,22.99525,55.92083333,13.73275,-73.521556,45.586333,2023-08-23 19:00
S-THC 21317960:21336805,2023-08-23 19:00,22.98608333,55.43575,13.59833333,-73.596472,45.586306,2023-08-23 19:00
S-THC 21317937:21326446,2023-08-23 20:00,21.4705,66.94633333,15.08533333,-73.535417,45.511028,2023-08-23 20:00
S-THC 21317938:21206238,2023-08-23 20:00,20.90408333,69.05233333,15.0345,-73.532472,45.518028,2023-08-23 20:00
S-THC 21317939:21326342,2023-08-23 20:00,21.86558333,64.19708333,14.81558333,-73.586583,45.465944,2023-08-23 20:00
S-THC 21317940:21326448,2023-08-23 20:00,23.19883333,51.51791667,12.64925,-73.648944,45.493556,2023-08-23 20:00
S-THC 21317941:21348257,2023-08-23 20:00,23.15066667,56.11225,13.9395,-73.573583,45.593194,2023-08-23 20:00
S-THC 21317942:21326340,2023-08-23 20:00,21.5045,63.9695,14.41991667,-73.556306,45.575694,2023-08-23 20:00
S-THC 21317943:21326444,2023-08-23 20:00,19.04691667,78.11958333,15.166,-73.568444,45.593944,2023-08-23 20:00
S-THC 21317947:21348259,2023-08-23 20:00,21.91558333,60.16725,13.86058333,-73.615361,45.524389,2023-08-23 20:00
S-THC 21317948:21326445,2023-08-23 20:00,22.40533333,63.9565,15.269,-73.519722,45.580972,2023-08-23 20:00
S-THC 21317949:21206231,2023-08-23 20:00,22.54116667,59.43175,14.25883333,-73.624667,45.57175,2023-08-23 20:00
S-THC 21317950:21326337,2023-08-23 20:00,23.30258333,51.68791667,12.81533333,-73.644056,45.53125,2023-08-23 20:00
S-THC 21317953:21348258,2023-08-23 20:00,21.94966667,62.79008333,14.54241667,-73.559639,45.573333,2023-08-23 20:00
S-THC 21317958:21206230,2023-08-23 20:00,23.07033333,58.43083333,14.49208333,-73.597917,45.585361,2023-08-23 20:00
S-THC 21317959:21326443,2023-08-23 20:00,22.3105,60.88383333,14.41316667,-73.521556,45.586333,2023-08-23 20:00
S-THC 21317960:21336805,2023-08-23 20:00,22.2945,61.42908333,14.53675,-73.596472,45.586306,2023-08-23 20:00
S-THC 21317937:21326446,2023-08-24 0:00,18.72525,74.06333333,14.02666667,-73.535417,45.511028,2023-08-24 0:00
S-THC 21317938:21206238,2023-08-24 0:00,19.09875,72.75891667,14.10916667,-73.532472,45.518028,2023-08-24 0:00
S-THC 21317939:21326342,2023-08-24 0:00,19.43641667,71.65008333,14.1965,-73.586583,45.465944,2023-08-24 0:00
S-THC 21317940:21326448,2023-08-24 0:00,20.11225,66.71341667,13.74358333,-73.648944,45.493556,2023-08-24 0:00
S-THC 21317941:21348257,2023-08-24 0:00,20.70375,66.12575,14.17066667,-73.573583,45.593194,2023-08-24 0:00
S-THC 21317942:21326340,2023-08-24 0:00,19.22391667,74.07891667,14.50808333,-73.556306,45.575694,2023-08-24 0:00
S-THC 21317943:21326444,2023-08-24 0:00,16.63225,86.83858333,14.44783333,-73.568444,45.593944,2023-08-24 0:00
S-THC 21317947:21348259,2023-08-24 0:00,19.68491667,70.5385,14.1935,-73.615361,45.524389,2023-08-24 0:00
S-THC 21317948:21326445,2023-08-24 0:00,19.306,73.24841667,14.414,-73.519722,45.580972,2023-08-24 0:00
S-THC 21317949:21206231,2023-08-24 0:00,19.78325,69.97525,14.16875,-73.624667,45.57175,2023-08-24 0:00
S-THC 21317950:21326337,2023-08-24 0:00,20.42841667,67.10391667,14.13583333,-73.644056,45.53125,2023-08-24 0:00
S-THC 21317953:21348258,2023-08-24 0:00,18.73058333,75.96066667,14.4215,-73.559639,45.573333,2023-08-24 0:00
S-THC 21317958:21206230,2023-08-24 0:00,20.33566667,68.67483333,14.40641667,-73.597917,45.585361,2023-08-24 0:00
S-THC 21317959:21326443,2023-08-24 0:00,19.8065,69.658,14.1185,-73.521556,45.586333,2023-08-24 0:00
S-THC 21317960:21336805,2023-08-24 0:00,19.26491667,71.52141667,14.00858333,-73.596472,45.586306,2023-08-24 0:00
S-THC 21317937:21326446,2023-08-24 1:00,18.78416667,77.06358333,14.68708333,-73.535417,45.511028,2023-08-24 1:00
S-THC 21317938:21206238,2023-08-24 1:00,18.59291667,75.78333333,14.24116667,-73.532472,45.518028,2023-08-24 1:00
S-THC 21317939:21326342,2023-08-24 1:00,19.01116667,74.83083333,14.46158333,-73.586583,45.465944,2023-08-24 1:00
S-THC 21317940:21326448,2023-08-24 1:00,20.028,67.526,13.8525,-73.648944,45.493556,2023-08-24 1:00
S-THC 21317941:21348257,2023-08-24 1:00,19.93158333,69.19225,14.13475,-73.573583,45.593194,2023-08-24 1:00
S-THC 21317942:21326340,2023-08-24 1:00,18.35333333,76.9625,14.25883333,-73.556306,45.575694,2023-08-24 1:00
S-THC 21317943:21326444,2023-08-24 1:00,16.24966667,88.95741667,14.44533333,-73.568444,45.593944,2023-08-24 1:00
S-THC 21317947:21348259,2023-08-24 1:00,19.583,69.30575,13.82741667,-73.615361,45.524389,2023-08-24 1:00
S-THC 21317948:21326445,2023-08-24 1:00,18.74658333,75.25175,14.2925,-73.519722,45.580972,2023-08-24 1:00
S-THC 21317949:21206231,2023-08-24 1:00,19.92991667,69.08916667,14.10825,-73.624667,45.57175,2023-08-24 1:00
S-THC 21317950:21326337,2023-08-24 1:00,20.03891667,67.79375,13.92408333,-73.644056,45.53125,2023-08-24 1:00
S-THC 21317953:21348258,2023-08-24 1:00,18.26933333,77.49675,14.28733333,-73.559639,45.573333,2023-08-24 1:00
S-THC 21317958:21206230,2023-08-24 1:00,20.44991667,67.25733333,14.19225,-73.597917,45.585361,2023-08-24 1:00
S-THC 21317959:21326443,2023-08-24 1:00,19.17016667,70.96475,13.79716667,-73.521556,45.586333,2023-08-24 1:00
S-THC 21317960:21336805,2023-08-24 1:00,19.04325,72.17025,13.935,-73.596472,45.586306,2023-08-24 1:00
S-THC 21317937:21326446,2023-08-24 2:00,18.7575,75.006,14.253,-73.535417,45.511028,2023-08-24 2:00
S-THC 21317938:21206238,2023-08-24 2:00,17.43125,82.5775,14.45091667,-73.532472,45.518028,2023-08-24 2:00
S-THC 21317939:21326342,2023-08-24 2:00,18.30875,78.83566667,14.58583333,-73.586583,45.465944,2023-08-24 2:00
S-THC 21317940:21326448,2023-08-24 2:00,19.878,67.35891667,13.66316667,-73.648944,45.493556,2023-08-24 2:00
S-THC 21317941:21348257,2023-08-24 2:00,19.3865,69.82275,13.75383333,-73.573583,45.593194,2023-08-24 2:00
S-THC 21317942:21326340,2023-08-24 2:00,18.189,76.11441667,13.93058333,-73.556306,45.575694,2023-08-24 2:00
S-THC 21317943:21326444,2023-08-24 2:00,15.6635,90.36608333,14.10891667,-73.568444,45.593944,2023-08-24 2:00
S-THC 21317947:21348259,2023-08-24 2:00,18.96125,71.9885,13.812,-73.615361,45.524389,2023-08-24 2:00
S-THC 21317948:21326445,2023-08-24 2:00,18.8395,74.133,14.15316667,-73.519722,45.580972,2023-08-24 2:00
S-THC 21317949:21206231,2023-08-24 2:00,19.69216667,67.85316667,13.59716667,-73.624667,45.57175,2023-08-24 2:00
S-THC 21317950:21326337,2023-08-24 2:00,19.25958333,69.95316667,13.66058333,-73.644056,45.53125,2023-08-24 2:00
S-THC 21317953:21348258,2023-08-24 2:00,18.21566667,75.84533333,13.90216667,-73.559639,45.573333,2023-08-24 2:00
S-THC 21317958:21206230,2023-08-24 2:00,20.07641667,65.95325,13.5315,-73.597917,45.585361,2023-08-24 2:00
S-THC 21317959:21326443,2023-08-24 2:00,18.90925,71.22708333,13.6035,-73.521556,45.586333,2023-08-24 2:00
S-THC 21317960:21336805,2023-08-24 2:00,18.92875,70.19566667,13.39766667,-73.596472,45.586306,2023-08-24 2:00
S-THC 21317937:21326446,2023-08-26 15:00,20.92175,78.61816667,17.0615,-73.535417,45.511028,2023-08-26 15:00
S-THC 21317938:21206238,2023-08-26 15:00,19.61716667,88.27441667,17.64525,-73.532472,45.518028,2023-08-26 15:00
S-THC 21317939:21326342,2023-08-26 15:00,20.67883333,81.92325,17.49416667,-73.586583,45.465944,2023-08-26 15:00
S-THC 21317940:21326448,2023-08-26 15:00,21.11308333,80.53316667,17.64991667,-73.648944,45.493556,2023-08-26 15:00
S-THC 21317941:21348257,2023-08-26 15:00,23.8245,64.20883333,16.64908333,-73.573583,45.593194,2023-08-26 15:00
S-THC 21317942:21326340,2023-08-26 15:00,21.87808333,74.936,17.22741667,-73.556306,45.575694,2023-08-26 15:00
S-THC 21317943:21326444,2023-08-26 15:00,23.12375,77.08425,18.89733333,-73.568444,45.593944,2023-08-26 15:00
S-THC 21317947:21348259,2023-08-26 15:00,21.39908333,78.96,17.61141667,-73.615361,45.524389,2023-08-26 15:00
S-THC 21317948:21326445,2023-08-26 15:00,22.34816667,77.25175,18.17058333,-73.519722,45.580972,2023-08-26 15:00
S-THC 21317949:21206231,2023-08-26 15:00,23.29525,68.31591667,17.13925,-73.624667,45.57175,2023-08-26 15:00
S-THC 21317950:21326337,2023-08-26 15:00,21.61691667,75.522,17.07883333,-73.644056,45.53125,2023-08-26 15:00
S-THC 21317953:21348258,2023-08-26 15:00,23.39191667,67.92616667,17.12566667,-73.559639,45.573333,2023-08-26 15:00
S-THC 21317958:21206230,2023-08-26 15:00,23.92633333,65.12175,16.983,-73.597917,45.585361,2023-08-26 15:00
S-THC 21317959:21326443,2023-08-26 15:00,23.00933333,73.13533333,17.9205,-73.521556,45.586333,2023-08-26 15:00
S-THC 21317960:21336805,2023-08-26 15:00,23.18258333,67.61741667,16.86916667,-73.596472,45.586306,2023-08-26 15:00
S-THC 21317937:21326446,2023-08-27 19:00,21.14883333,61.78475,13.51983333,-73.535417,45.511028,2023-08-27 19:00
S-THC 21317938:21206238,2023-08-27 19:00,20.46758333,63.59891667,13.34366667,-73.532472,45.518028,2023-08-27 19:00
S-THC 21317939:21326342,2023-08-27 19:00,21.84958333,60.70033333,13.92825,-73.586583,45.465944,2023-08-27 19:00
S-THC 21317940:21326448,2023-08-27 19:00,22.01916667,60.44891667,14.03108333,-73.648944,45.493556,2023-08-27 19:00
S-THC 21317941:21348257,2023-08-27 19:00,22.80566667,47.34108333,11.03075,-73.573583,45.593194,2023-08-27 19:00
S-THC 21317942:21326340,2023-08-27 19:00,20.88775,58.62858333,12.49966667,-73.556306,45.575694,2023-08-27 19:00
S-THC 21317943:21326444,2023-08-27 19:00,18.103,76.23658333,13.86583333,-73.568444,45.593944,2023-08-27 19:00
S-THC 21317947:21348259,2023-08-27 19:00,21.02175,60.61891667,13.11766667,-73.615361,45.524389,2023-08-27 19:00
S-THC 21317948:21326445,2023-08-27 19:00,22.23716667,54.0735,12.51925,-73.519722,45.580972,2023-08-27 19:00
S-THC 21317949:21206231,2023-08-27 19:00,21.68666667,55.86166667,12.49933333,-73.624667,45.57175,2023-08-27 19:00
S-THC 21317950:21326337,2023-08-27 19:00,22.5035,51.13083333,11.91708333,-73.644056,45.53125,2023-08-27 19:00
S-THC 21317953:21348258,2023-08-27 19:00,21.53491667,56.79216667,12.58983333,-73.559639,45.573333,2023-08-27 19:00
S-THC 21317958:21206230,2023-08-27 19:00,22.675,52.6135,12.507,-73.597917,45.585361,2023-08-27 19:00
S-THC 21317959:21326443,2023-08-27 19:00,22.39275,51.74508333,11.989,-73.521556,45.586333,2023-08-27 19:00
S-THC 21317960:21336805,2023-08-27 19:00,21.58841667,56.46691667,12.57133333,-73.596472,45.586306,2023-08-27 19:00
S-THC 21317937:21326446,2023-08-27 20:00,20.14091667,71.61833333,14.85641667,-73.535417,45.511028,2023-08-27 20:00
S-THC 21317938:21206238,2023-08-27 20:00,19.99775,70.23041667,14.41933333,-73.532472,45.518028,2023-08-27 20:00
S-THC 21317939:21326342,2023-08-27 20:00,20.6145,67.61916667,14.42408333,-73.586583,45.465944,2023-08-27 20:00
S-THC 21317940:21326448,2023-08-27 20:00,21.17208333,63.96441667,14.09958333,-73.648944,45.493556,2023-08-27 20:00
S-THC 21317941:21348257,2023-08-27 20:00,22.028,50.71233333,11.3505,-73.573583,45.593194,2023-08-27 20:00
S-THC 21317942:21326340,2023-08-27 20:00,19.937,63.41091667,12.78208333,-73.556306,45.575694,2023-08-27 20:00
S-THC 21317943:21326444,2023-08-27 20:00,16.8735,80.42933333,13.5015,-73.568444,45.593944,2023-08-27 20:00
S-THC 21317947:21348259,2023-08-27 20:00,19.59925,70.66316667,14.13191667,-73.615361,45.524389,2023-08-27 20:00
S-THC 21317948:21326445,2023-08-27 20:00,19.99941667,64.04158333,12.99791667,-73.519722,45.580972,2023-08-27 20:00
S-THC 21317949:21206231,2023-08-27 20:00,20.50366667,61.79616667,12.93408333,-73.624667,45.57175,2023-08-27 20:00
S-THC 21317950:21326337,2023-08-27 20:00,21.22741667,59.44558333,13.01575,-73.644056,45.53125,2023-08-27 20:00
S-THC 21317953:21348258,2023-08-27 20:00,19.23458333,67.31966667,13.04458333,-73.559639,45.573333,2023-08-27 20:00
S-THC 21317958:21206230,2023-08-27 20:00,21.28833333,59.55641667,13.10866667,-73.597917,45.585361,2023-08-27 20:00
S-THC 21317959:21326443,2023-08-27 20:00,20.77883333,59.112,12.50358333,-73.521556,45.586333,2023-08-27 20:00
S-THC 21317960:21336805,2023-08-27 20:00,20.24991667,62.88858333,12.96583333,-73.596472,45.586306,2023-08-27 20:00
S-THC 21317937:21326446,2023-08-27 21:00,19.52216667,76.77958333,15.35533333,-73.535417,45.511028,2023-08-27 21:00
S-THC 21317938:21206238,2023-08-27 21:00,19.34725,76.01041667,15.01416667,-73.532472,45.518028,2023-08-27 21:00
S-THC 21317939:21326342,2023-08-27 21:00,19.55983333,74.63341667,14.93666667,-73.586583,45.465944,2023-08-27 21:00
S-THC 21317940:21326448,2023-08-27 21:00,19.77258333,70.71025,14.31325,-73.648944,45.493556,2023-08-27 21:00
S-THC 21317941:21348257,2023-08-27 21:00,21.06125,55.55758333,11.83116667,-73.573583,45.593194,2023-08-27 21:00
S-THC 21317942:21326340,2023-08-27 21:00,18.74325,71.78725,13.55233333,-73.556306,45.575694,2023-08-27 21:00
S-THC 21317943:21326444,2023-08-27 21:00,16.18533333,83.70366667,13.44016667,-73.568444,45.593944,2023-08-27 21:00
S-THC 21317947:21348259,2023-08-27 21:00,18.7485,76.21683333,14.49375,-73.615361,45.524389,2023-08-27 21:00
S-THC 21317948:21326445,2023-08-27 21:00,18.86816667,70.96916667,13.50191667,-73.519722,45.580972,2023-08-27 21:00
S-THC 21317949:21206231,2023-08-27 21:00,19.87975,66.72258333,13.52425,-73.624667,45.57175,2023-08-27 21:00
S-THC 21317950:21326337,2023-08-27 21:00,20.08183333,67.19875,13.825,-73.644056,45.53125,2023-08-27 21:00
S-THC 21317953:21348258,2023-08-27 21:00,18.31941667,71.295,13.04758333,-73.559639,45.573333,2023-08-27 21:00
S-THC 21317958:21206230,2023-08-27 21:00,20.27475,64.7955,13.44891667,-73.597917,45.585361,2023-08-27 21:00
S-THC 21317959:21326443,2023-08-27 21:00,19.65825,67.01066667,13.36758333,-73.521556,45.586333,2023-08-27 21:00
S-THC 21317960:21336805,2023-08-27 21:00,19.26325,67.09558333,13.02466667,-73.596472,45.586306,2023-08-27 21:00
S-THC 21317937:21326446,2023-08-27 22:00,18.73758333,77.3795,14.71766667,-73.535417,45.511028,2023-08-27 22:00
S-THC 21317938:21206238,2023-08-27 22:00,18.59658333,78.57316667,14.81625,-73.532472,45.518028,2023-08-27 22:00
S-THC 21317939:21326342,2023-08-27 22:00,18.48741667,79.95558333,14.98275,-73.586583,45.465944,2023-08-27 22:00
S-THC 21317940:21326448,2023-08-27 22:00,18.83975,76.48075,14.63283333,-73.648944,45.493556,2023-08-27 22:00
S-THC 21317941:21348257,2023-08-27 22:00,20.16033333,62.47958333,12.78366667,-73.573583,45.593194,2023-08-27 22:00
S-THC 21317942:21326340,2023-08-27 22:00,18.0585,76.16916667,13.80908333,-73.556306,45.575694,2023-08-27 22:00
S-THC 21317943:21326444,2023-08-27 22:00,15.7225,88.17541667,13.78683333,-73.568444,45.593944,2023-08-27 22:00
S-THC 21317947:21348259,2023-08-27 22:00,18.105,79.21183333,14.4655,-73.615361,45.524389,2023-08-27 22:00
S-THC 21317948:21326445,2023-08-27 22:00,18.14958333,76.89691667,14.04583333,-73.519722,45.580972,2023-08-27 22:00
S-THC 21317949:21206231,2023-08-27 22:00,18.98433333,71.8385,13.80325,-73.624667,45.57175,2023-08-27 22:00
S-THC 21317950:21326337,2023-08-27 22:00,19.35783333,72.17766667,14.23616667,-73.644056,45.53125,2023-08-27 22:00
S-THC 21317953:21348258,2023-08-27 22:00,17.59383333,75.87391667,13.30125,-73.559639,45.573333,2023-08-27 22:00
S-THC 21317958:21206230,2023-08-27 22:00,19.35241667,68.81,13.4965,-73.597917,45.585361,2023-08-27 22:00
S-THC 21317959:21326443,2023-08-27 22:00,18.81983333,74.54925,14.2205,-73.521556,45.586333,2023-08-27 22:00
S-THC 21317960:21336805,2023-08-27 22:00,18.49816667,70.62541667,13.07766667,-73.596472,45.586306,2023-08-27 22:00
S-THC 21317937:21326446,2023-08-28 7:00,15.80825,86.10883333,13.50341667,-73.535417,45.511028,2023-08-28 7:00
S-THC 21317938:21206238,2023-08-28 7:00,15.34183333,92.19475,14.0995,-73.532472,45.518028,2023-08-28 7:00
S-THC 21317939:21326342,2023-08-28 7:00,17.07725,87.4145,14.97608333,-73.586583,45.465944,2023-08-28 7:00
S-THC 21317940:21326448,2023-08-28 7:00,16.49475,86.57716667,14.26541667,-73.648944,45.493556,2023-08-28 7:00
S-THC 21317941:21348257,2023-08-28 7:00,16.61083333,78.29391667,12.83266667,-73.573583,45.593194,2023-08-28 7:00
S-THC 21317942:21326340,2023-08-28 7:00,15.79041667,87.21341667,13.68541667,-73.556306,45.575694,2023-08-28 7:00
S-THC 21317943:21326444,2023-08-28 7:00,13.32025,96.54866667,12.79866667,-73.568444,45.593944,2023-08-28 7:00
S-THC 21317947:21348259,2023-08-28 7:00,17.06283333,84.513,14.44641667,-73.615361,45.524389,2023-08-28 7:00
S-THC 21317948:21326445,2023-08-28 7:00,17.85108333,78.95141667,14.16133333,-73.519722,45.580972,2023-08-28 7:00
S-THC 21317949:21206231,2023-08-28 7:00,16.51241667,79.63283333,12.96358333,-73.624667,45.57175,2023-08-28 7:00
S-THC 21317950:21326337,2023-08-28 7:00,16.58933333,81.8905,13.48566667,-73.644056,45.53125,2023-08-28 7:00
S-THC 21317953:21348258,2023-08-28 7:00,16.55341667,84.69525,13.98458333,-73.559639,45.573333,2023-08-28 7:00
S-THC 21317958:21206230,2023-08-28 7:00,15.34358333,84.80425,12.81683333,-73.597917,45.585361,2023-08-28 7:00
S-THC 21317959:21326443,2023-08-28 7:00,15.62583333,84.27166667,12.99358333,-73.521556,45.586333,2023-08-28 7:00
S-THC 21317960:21336805,2023-08-28 7:00,15.82783333,82.81041667,12.92266667,-73.596472,45.586306,2023-08-28 7:00
S-THC 21317937:21326446,2023-08-28 8:00,18.38391667,77.50133333,14.38991667,-73.535417,45.511028,2023-08-28 8:00
S-THC 21317938:21206238,2023-08-28 8:00,16.97541667,86.9015,14.79333333,-73.532472,45.518028,2023-08-28 8:00
S-THC 21317939:21326342,2023-08-28 8:00,19.17741667,77.92375,15.24533333,-73.586583,45.465944,2023-08-28 8:00
S-THC 21317940:21326448,2023-08-28 8:00,18.36766667,81.74933333,15.20458333,-73.648944,45.493556,2023-08-28 8:00
S-THC 21317941:21348257,2023-08-28 8:00,18.34275,76.78733333,14.20675,-73.573583,45.593194,2023-08-28 8:00
S-THC 21317942:21326340,2023-08-28 8:00,17.49175,84.051,14.78491667,-73.556306,45.575694,2023-08-28 8:00
S-THC 21317943:21326444,2023-08-28 8:00,15.76358333,96.534,15.23216667,-73.568444,45.593944,2023-08-28 8:00
S-THC 21317947:21348259,2023-08-28 8:00,19.8745,75.13908333,15.35433333,-73.615361,45.524389,2023-08-28 8:00
S-THC 21317948:21326445,2023-08-28 8:00,19.06125,76.10733333,14.76533333,-73.519722,45.580972,2023-08-28 8:00
S-THC 21317949:21206231,2023-08-28 8:00,18.43741667,77.49125,14.44666667,-73.624667,45.57175,2023-08-28 8:00
S-THC 21317950:21326337,2023-08-28 8:00,19.62058333,73.28058333,14.72258333,-73.644056,45.53125,2023-08-28 8:00
S-THC 21317953:21348258,2023-08-28 8:00,18.50341667,79.99316667,15.00341667,-73.559639,45.573333,2023-08-28 8:00
S-THC 21317958:21206230,2023-08-28 8:00,17.52058333,82.21258333,14.45925,-73.597917,45.585361,2023-08-28 8:00
S-THC 21317959:21326443,2023-08-28 8:00,18.40875,76.36058333,14.18916667,-73.521556,45.586333,2023-08-28 8:00
S-THC 21317960:21336805,2023-08-28 8:00,17.896,80.24825,14.46216667,-73.596472,45.586306,2023-08-28 8:00
S-THC 21317937:21326446,2023-08-28 10:00,19.84225,76.40066667,15.59033333,-73.535417,45.511028,2023-08-28 10:00
S-THC 21317938:21206238,2023-08-28 10:00,18.62341667,84.95225,16.06333333,-73.532472,45.518028,2023-08-28 10:00
S-THC 21317939:21326342,2023-08-28 10:00,21.48475,71.23933333,16.07858333,-73.586583,45.465944,2023-08-28 10:00
S-THC 21317940:21326448,2023-08-28 10:00,21.1505,67.88858333,14.99208333,-73.648944,45.493556,2023-08-28 10:00
S-THC 21317941:21348257,2023-08-28 10:00,21.9925,61.52366667,14.26983333,-73.573583,45.593194,2023-08-28 10:00
S-THC 21317942:21326340,2023-08-28 10:00,20.2355,73.41508333,15.34491667,-73.556306,45.575694,2023-08-28 10:00
S-THC 21317943:21326444,2023-08-28 10:00,20.93425,76.1995,16.59541667,-73.568444,45.593944,2023-08-28 10:00
S-THC 21317947:21348259,2023-08-28 10:00,22.67508333,62.89966667,15.25591667,-73.615361,45.524389,2023-08-28 10:00
S-THC 21317948:21326445,2023-08-28 10:00,22.10683333,64.94958333,15.21025,-73.519722,45.580972,2023-08-28 10:00
S-THC 21317949:21206231,2023-08-28 10:00,22.74141667,61.61208333,15.00066667,-73.624667,45.57175,2023-08-28 10:00
S-THC 21317950:21326337,2023-08-28 10:00,22.56258333,60.47983333,14.5255,-73.644056,45.53125,2023-08-28 10:00
S-THC 21317953:21348258,2023-08-28 10:00,21.77083333,66.06383333,15.16541667,-73.559639,45.573333,2023-08-28 10:00
S-THC 21317958:21206230,2023-08-28 10:00,22.07466667,64.19558333,15.00541667,-73.597917,45.585361,2023-08-28 10:00
S-THC 21317959:21326443,2023-08-28 10:00,21.65641667,63.8195,14.52341667,-73.521556,45.586333,2023-08-28 10:00
S-THC 21317960:21336805,2023-08-28 10:00,21.03266667,68.15841667,14.94658333,-73.596472,45.586306,2023-08-28 10:00
S-THC 21317937:21326446,2023-08-28 16:00,26.14608333,48.91666667,14.578,-73.535417,45.511028,2023-08-28 16:00
S-THC 21317938:21206238,2023-08-28 16:00,22.97191667,62.69466667,15.49233333,-73.532472,45.518028,2023-08-28 16:00
S-THC 21317939:21326342,2023-08-28 16:00,26.70558333,46.9985,14.46683333,-73.586583,45.465944,2023-08-28 16:00
S-THC 21317940:21326448,2023-08-28 16:00,24.86283333,49.7425,13.66033333,-73.648944,45.493556,2023-08-28 16:00
S-THC 21317941:21348257,2023-08-28 16:00,25.65633333,43.61025,12.36775,-73.573583,45.593194,2023-08-28 16:00
S-THC 21317942:21326340,2023-08-28 16:00,23.47941667,53.2405,13.43525,-73.556306,45.575694,2023-08-28 16:00
S-THC 21317943:21326444,2023-08-28 16:00,22.416,68.87866667,16.42108333,-73.568444,45.593944,2023-08-28 16:00
S-THC 21317947:21348259,2023-08-28 16:00,25.09533333,50.014,13.95558333,-73.615361,45.524389,2023-08-28 16:00
S-THC 21317948:21326445,2023-08-28 16:00,26.0855,44.83591667,13.17625,-73.519722,45.580972,2023-08-28 16:00
S-THC 21317949:21206231,2023-08-28 16:00,24.92191667,48.13308333,13.2155,-73.624667,45.57175,2023-08-28 16:00
S-THC 21317950:21326337,2023-08-28 16:00,25.05233333,47.31625,13.07208333,-73.644056,45.53125,2023-08-28 16:00
S-THC 21317953:21348258,2023-08-28 16:00,25.94241667,43.39475,12.54083333,-73.559639,45.573333,2023-08-28 16:00
S-THC 21317958:21206230,2023-08-28 16:00,25.17025,47.32283333,13.18291667,-73.597917,45.585361,2023-08-28 16:00
S-THC 21317959:21326443,2023-08-28 16:00,26.95766667,41.65675,12.84625,-73.521556,45.586333,2023-08-28 16:00
S-THC 21317960:21336805,2023-08-28 16:00,24.33383333,49.71858333,13.17283333,-73.596472,45.586306,2023-08-28 16:00
S-THC 21317937:21326446,2023-08-28 17:00,25.91566667,51.12158333,15.05591667,-73.535417,45.511028,2023-08-28 17:00
S-THC 21317938:21206238,2023-08-28 17:00,22.63575,64.51083333,15.6225,-73.532472,45.518028,2023-08-28 17:00
S-THC 21317939:21326342,2023-08-28 17:00,25.35791667,49.57725,14.06908333,-73.586583,45.465944,2023-08-28 17:00
S-THC 21317940:21326448,2023-08-28 17:00,24.84491667,51.09383333,14.06266667,-73.648944,45.493556,2023-08-28 17:00
S-THC 21317941:21348257,2023-08-28 17:00,25.147,47.99333333,13.36708333,-73.573583,45.593194,2023-08-28 17:00
S-THC 21317942:21326340,2023-08-28 17:00,22.85566667,57.56925,14.0565,-73.556306,45.575694,2023-08-28 17:00
S-THC 21317943:21326444,2023-08-28 17:00,20.90558333,73.85583333,16.07958333,-73.568444,45.593944,2023-08-28 17:00
S-THC 21317947:21348259,2023-08-28 17:00,24.475,54.02666667,14.58425,-73.615361,45.524389,2023-08-28 17:00
S-THC 21317948:21326445,2023-08-28 17:00,25.60641667,48.17166667,13.84241667,-73.519722,45.580972,2023-08-28 17:00
S-THC 21317949:21206231,2023-08-28 17:00,24.77891667,50.42125,13.79766667,-73.624667,45.57175,2023-08-28 17:00
S-THC 21317950:21326337,2023-08-28 17:00,25.04883333,49.64658333,13.80916667,-73.644056,45.53125,2023-08-28 17:00
S-THC 21317953:21348258,2023-08-28 17:00,24.64466667,50.00183333,13.53925,-73.559639,45.573333,2023-08-28 17:00
S-THC 21317958:21206230,2023-08-28 17:00,25.13458333,50.35758333,14.10083333,-73.597917,45.585361,2023-08-28 17:00
S-THC 21317959:21326443,2023-08-28 17:00,25.87816667,44.906,13.00308333,-73.521556,45.586333,2023-08-28 17:00
S-THC 21317960:21336805,2023-08-28 17:00,24.391,52.42766667,14.03741667,-73.596472,45.586306,2023-08-28 17:00
S-THC 21317937:21326446,2023-08-28 18:00,25.52591667,50.68191667,14.56191667,-73.535417,45.511028,2023-08-28 18:00
S-THC 21317938:21206238,2023-08-28 18:00,22.27133333,63.99341667,15.15158333,-73.532472,45.518028,2023-08-28 18:00
S-THC 21317939:21326342,2023-08-28 18:00,25.31508333,50.14133333,14.20258333,-73.586583,45.465944,2023-08-28 18:00
S-THC 21317940:21326448,2023-08-28 18:00,24.74666667,50.93366667,13.926,-73.648944,45.493556,2023-08-28 18:00
S-THC 21317941:21348257,2023-08-28 18:00,24.87358333,49.9465,13.74116667,-73.573583,45.593194,2023-08-28 18:00
S-THC 21317942:21326340,2023-08-28 18:00,22.64833333,58.53658333,14.125,-73.556306,45.575694,2023-08-28 18:00
S-THC 21317943:21326444,2023-08-28 18:00,19.99241667,76.222,15.69891667,-73.568444,45.593944,2023-08-28 18:00
S-THC 21317947:21348259,2023-08-28 18:00,24.34641667,54.23166667,14.52658333,-73.615361,45.524389,2023-08-28 18:00
S-THC 21317948:21326445,2023-08-28 18:00,24.70925,50.40683333,13.73025,-73.519722,45.580972,2023-08-28 18:00
S-THC 21317949:21206231,2023-08-28 18:00,24.80033333,51.416,14.12133333,-73.624667,45.57175,2023-08-28 18:00
S-THC 21317950:21326337,2023-08-28 18:00,25.25783333,48.84366667,13.74866667,-73.644056,45.53125,2023-08-28 18:00
S-THC 21317953:21348258,2023-08-28 18:00,24.31766667,51.47125,13.68891667,-73.559639,45.573333,2023-08-28 18:00
S-THC 21317958:21206230,2023-08-28 18:00,24.98616667,51.67816667,14.3715,-73.597917,45.585361,2023-08-28 18:00
S-THC 21317959:21326443,2023-08-28 18:00,25.06125,47.32583333,13.08366667,-73.521556,45.586333,2023-08-28 18:00
S-THC 21317960:21336805,2023-08-28 18:00,24.04608333,54.483,14.31916667,-73.596472,45.586306,2023-08-28 18:00
S-THC 21317937:21326446,2023-08-28 19:00,23.68316667,59.05958333,15.20416667,-73.535417,45.511028,2023-08-28 19:00
S-THC 21317938:21206238,2023-08-28 19:00,22.20858333,62.309,14.6785,-73.532472,45.518028,2023-08-28 19:00
S-THC 21317939:21326342,2023-08-28 19:00,24.1585,54.35058333,14.37516667,-73.586583,45.465944,2023-08-28 19:00
S-THC 21317940:21326448,2023-08-28 19:00,24.332,53.035,14.16675,-73.648944,45.493556,2023-08-28 19:00
S-THC 21317941:21348257,2023-08-28 19:00,24.593,51.25525,13.87875,-73.573583,45.593194,2023-08-28 19:00
S-THC 21317942:21326340,2023-08-28 19:00,22.53225,58.89716667,14.11,-73.556306,45.575694,2023-08-28 19:00
S-THC 21317943:21326444,2023-08-28 19:00,20.0495,74.9435,15.4875,-73.568444,45.593944,2023-08-28 19:00
S-THC 21317947:21348259,2023-08-28 19:00,23.35616667,58.68266667,14.80633333,-73.615361,45.524389,2023-08-28 19:00
S-THC 21317948:21326445,2023-08-28 19:00,24.15866667,52.62525,13.88566667,-73.519722,45.580972,2023-08-28 19:00
S-THC 21317949:21206231,2023-08-28 19:00,24.24983333,52.853,14.03708333,-73.624667,45.57175,2023-08-28 19:00
S-THC 21317950:21326337,2023-08-28 19:00,24.4,51.36366667,13.73191667,-73.644056,45.53125,2023-08-28 19:00
S-THC 21317953:21348258,2023-08-28 19:00,23.26666667,56.07383333,14.02566667,-73.559639,45.573333,2023-08-28 19:00
S-THC 21317958:21206230,2023-08-28 19:00,24.59116667,53.385,14.50808333,-73.597917,45.585361,2023-08-28 19:00
S-THC 21317959:21326443,2023-08-28 19:00,24.643,49.32808333,13.33533333,-73.521556,45.586333,2023-08-28 19:00
S-THC 21317960:21336805,2023-08-28 19:00,23.87275,55.17216667,14.35025,-73.596472,45.586306,2023-08-28 19:00
S-THC 21317937:21326446,2023-08-28 20:00,22.51616667,65.965,15.85683333,-73.535417,45.511028,2023-08-28 20:00
S-THC 21317938:21206238,2023-08-28 20:00,21.70458333,66.20108333,15.13833333,-73.532472,45.518028,2023-08-28 20:00
S-THC 21317939:21326342,2023-08-28 20:00,23.05583333,58.78008333,14.56725,-73.586583,45.465944,2023-08-28 20:00
S-THC 21317940:21326448,2023-08-28 20:00,23.83516667,54.688,14.18191667,-73.648944,45.493556,2023-08-28 20:00
S-THC 21317941:21348257,2023-08-28 20:00,24.01391667,53.63741667,14.04675,-73.573583,45.593194,2023-08-28 20:00
S-THC 21317942:21326340,2023-08-28 20:00,21.70825,63.8235,14.57416667,-73.556306,45.575694,2023-08-28 20:00
S-THC 21317943:21326444,2023-08-28 20:00,19.09333333,77.95941667,15.17933333,-73.568444,45.593944,2023-08-28 20:00
S-THC 21317947:21348259,2023-08-28 20:00,21.65458333,67.60325,15.41883333,-73.615361,45.524389,2023-08-28 20:00
S-THC 21317948:21326445,2023-08-28 20:00,23.25066667,57.05675,14.28716667,-73.519722,45.580972,2023-08-28 20:00
S-THC 21317949:21206231,2023-08-28 20:00,23.23283333,56.73741667,14.18616667,-73.624667,45.57175,2023-08-28 20:00
S-THC 21317950:21326337,2023-08-28 20:00,23.65283333,53.39766667,13.64416667,-73.644056,45.53125,2023-08-28 20:00
S-THC 21317953:21348258,2023-08-28 20:00,22.07458333,61.63883333,14.38041667,-73.559639,45.573333,2023-08-28 20:00
S-THC 21317958:21206230,2023-08-28 20:00,23.64216667,56.57433333,14.52533333,-73.597917,45.585361,2023-08-28 20:00
S-THC 21317959:21326443,2023-08-28 20:00,23.66358333,53.6205,13.71716667,-73.521556,45.586333,2023-08-28 20:00
S-THC 21317960:21336805,2023-08-28 20:00,22.55183333,60.45141667,14.52591667,-73.596472,45.586306,2023-08-28 20:00
S-THC 21317937:21326446,2023-08-28 21:00,21.74025,68.19616667,15.634,-73.535417,45.511028,2023-08-28 21:00
S-THC 21317938:21206238,2023-08-28 21:00,21.53658333,66.73083333,15.10441667,-73.532472,45.518028,2023-08-28 21:00
S-THC 21317939:21326342,2023-08-28 21:00,21.89775,64.88408333,14.99283333,-73.586583,45.465944,2023-08-28 21:00
S-THC 21317940:21326448,2023-08-28 21:00,22.40358333,61.01633333,14.50666667,-73.648944,45.493556,2023-08-28 21:00
S-THC 21317941:21348257,2023-08-28 21:00,23.37225,56.543,14.26508333,-73.573583,45.593194,2023-08-28 21:00
S-THC 21317942:21326340,2023-08-28 21:00,21.2275,64.59375,14.30833333,-73.556306,45.575694,2023-08-28 21:00
S-THC 21317943:21326444,2023-08-28 21:00,18.53208333,79.86883333,15.00908333,-73.568444,45.593944,2023-08-28 21:00
S-THC 21317947:21348259,2023-08-28 21:00,20.91808333,69.999,15.25825,-73.615361,45.524389,2023-08-28 21:00
S-THC 21317948:21326445,2023-08-28 21:00,22.10683333,62.31066667,14.5725,-73.519722,45.580972,2023-08-28 21:00
S-THC 21317949:21206231,2023-08-28 21:00,21.84408333,62.34683333,14.32925,-73.624667,45.57175,2023-08-28 21:00
S-THC 21317950:21326337,2023-08-28 21:00,22.39825,59.52516667,14.12333333,-73.644056,45.53125,2023-08-28 21:00
S-THC 21317953:21348258,2023-08-28 21:00,20.82358333,66.83583333,14.44666667,-73.559639,45.573333,2023-08-28 21:00
S-THC 21317958:21206230,2023-08-28 21:00,22.58575,61.84491667,14.90725,-73.597917,45.585361,2023-08-28 21:00
S-THC 21317959:21326443,2023-08-28 21:00,22.6555,57.94583333,13.9565,-73.521556,45.586333,2023-08-28 21:00
S-THC 21317960:21336805,2023-08-28 21:00,21.26841667,66.528,14.79766667,-73.596472,45.586306,2023-08-28 21:00
S-THC 21317937:21326446,2023-08-28 22:00,21.38833333,73.03008333,16.37475,-73.535417,45.511028,2023-08-28 22:00
S-THC 21317938:21206238,2023-08-28 22:00,20.87158333,74.2875,16.10658333,-73.532472,45.518028,2023-08-28 22:00
S-THC 21317939:21326342,2023-08-28 22:00,20.73233333,74.18908333,15.98016667,-73.586583,45.465944,2023-08-28 22:00
S-THC 21317940:21326448,2023-08-28 22:00,21.11291667,68.12808333,15.0225,-73.648944,45.493556,2023-08-28 22:00
S-THC 21317941:21348257,2023-08-28 22:00,21.91025,63.41025,14.65658333,-73.573583,45.593194,2023-08-28 22:00
S-THC 21317942:21326340,2023-08-28 22:00,20.223,70.69733333,14.738,-73.556306,45.575694,2023-08-28 22:00
S-THC 21317943:21326444,2023-08-28 22:00,17.5115,85.09008333,14.99583333,-73.568444,45.593944,2023-08-28 22:00
S-THC 21317947:21348259,2023-08-28 22:00,19.95841667,73.05358333,15.00433333,-73.615361,45.524389,2023-08-28 22:00
S-THC 21317948:21326445,2023-08-28 22:00,20.83425,70.01,15.17658333,-73.519722,45.580972,2023-08-28 22:00
S-THC 21317949:21206231,2023-08-28 22:00,20.4965,68.85508333,14.59775,-73.624667,45.57175,2023-08-28 22:00
S-THC 21317950:21326337,2023-08-28 22:00,21.05425,65.38425,14.32825,-73.644056,45.53125,2023-08-28 22:00
S-THC 21317953:21348258,2023-08-28 22:00,19.63858333,72.05266667,14.47816667,-73.559639,45.573333,2023-08-28 22:00
S-THC 21317958:21206230,2023-08-28 22:00,21.01291667,69.40008333,15.21475,-73.597917,45.585361,2023-08-28 22:00
S-THC 21317959:21326443,2023-08-28 22:00,21.18625,67.04691667,14.83825,-73.521556,45.586333,2023-08-28 22:00
S-THC 21317960:21336805,2023-08-28 22:00,19.98341667,71.86183333,14.77116667,-73.596472,45.586306,2023-08-28 22:00
S-THC 21317937:21326446,2023-08-28 23:00,20.927,77.79075,16.92291667,-73.535417,45.511028,2023-08-28 23:00
S-THC 21317938:21206238,2023-08-28 23:00,19.40258333,85.88141667,16.99316667,-73.532472,45.518028,2023-08-28 23:00
S-THC 21317939:21326342,2023-08-28 23:00,19.80641667,80.75583333,16.42341667,-73.586583,45.465944,2023-08-28 23:00
S-THC 21317940:21326448,2023-08-28 23:00,20.85383333,70.251,15.25391667,-73.648944,45.493556,2023-08-28 23:00
S-THC 21317941:21348257,2023-08-28 23:00,20.59475,69.2795,14.78841667,-73.573583,45.593194,2023-08-28 23:00
S-THC 21317942:21326340,2023-08-28 23:00,19.23291667,75.98591667,14.91108333,-73.556306,45.575694,2023-08-28 23:00
S-THC 21317943:21326444,2023-08-28 23:00,16.66791667,89.43208333,14.93933333,-73.568444,45.593944,2023-08-28 23:00
S-THC 21317947:21348259,2023-08-28 23:00,19.25416667,75.61541667,14.86025,-73.615361,45.524389,2023-08-28 23:00
S-THC 21317948:21326445,2023-08-28 23:00,20.0515,74.87391667,15.47341667,-73.519722,45.580972,2023-08-28 23:00
S-THC 21317949:21206231,2023-08-28 23:00,19.75641667,71.78833333,14.53708333,-73.624667,45.57175,2023-08-28 23:00
S-THC 21317950:21326337,2023-08-28 23:00,20.19441667,69.19075,14.38608333,-73.644056,45.53125,2023-08-28 23:00
S-THC 21317953:21348258,2023-08-28 23:00,18.81808333,78.05116667,14.92625,-73.559639,45.573333,2023-08-28 23:00
S-THC 21317958:21206230,2023-08-28 23:00,20.24975,72.00791667,15.05933333,-73.597917,45.585361,2023-08-28 23:00
S-THC 21317959:21326443,2023-08-28 23:00,20.35,70.74875,14.87816667,-73.521556,45.586333,2023-08-28 23:00
S-THC 21317960:21336805,2023-08-28 23:00,19.40091667,73.6885,14.60141667,-73.596472,45.586306,2023-08-28 23:00
S-THC 21317937:21326446,2023-08-29 0:00,20.09966667,82.15516667,16.981,-73.535417,45.511028,2023-08-29 0:00
S-THC 21317938:21206238,2023-08-29 0:00,18.63933333,91.12158333,17.18316667,-73.532472,45.518028,2023-08-29 0:00
S-THC 21317939:21326342,2023-08-29 0:00,19.69025,82.9055,16.72508333,-73.586583,45.465944,2023-08-29 0:00
S-THC 21317940:21326448,2023-08-29 0:00,20.46425,73.25516667,15.53333333,-73.648944,45.493556,2023-08-29 0:00
S-THC 21317941:21348257,2023-08-29 0:00,19.75641667,73.70158333,14.94483333,-73.573583,45.593194,2023-08-29 0:00
S-THC 21317942:21326340,2023-08-29 0:00,18.53925,83.08991667,15.63058333,-73.556306,45.575694,2023-08-29 0:00
S-THC 21317943:21326444,2023-08-29 0:00,16.2015,92.03216667,14.92458333,-73.568444,45.593944,2023-08-29 0:00
S-THC 21317947:21348259,2023-08-29 0:00,18.98083333,77.05208333,14.88833333,-73.615361,45.524389,2023-08-29 0:00
S-THC 21317948:21326445,2023-08-29 0:00,19.97275,79.79325,16.39666667,-73.519722,45.580972,2023-08-29 0:00
S-THC 21317949:21206231,2023-08-29 0:00,18.9665,75.73858333,14.60391667,-73.624667,45.57175,2023-08-29 0:00
S-THC 21317950:21326337,2023-08-29 0:00,19.85108333,71.54575,14.57641667,-73.644056,45.53125,2023-08-29 0:00
S-THC 21317953:21348258,2023-08-29 0:00,18.90366667,84.22958333,16.20233333,-73.559639,45.573333,2023-08-29 0:00
S-THC 21317958:21206230,2023-08-29 0:00,19.24,76.55666667,15.0375,-73.597917,45.585361,2023-08-29 0:00
S-THC 21317959:21326443,2023-08-29 0:00,20.11041667,76.21266667,15.80958333,-73.521556,45.586333,2023-08-29 0:00
S-THC 21317960:21336805,2023-08-29 0:00,18.58383333,76.55483333,14.4015,-73.596472,45.586306,2023-08-29 0:00
S-THC 21317937:21326446,2023-08-31 7:00,12.4625,68.082,6.7465,-73.535417,45.511028,2023-08-31 7:00
S-THC 21317938:21206238,2023-08-31 7:00,11.869,71.75058333,6.943,-73.532472,45.518028,2023-08-31 7:00
S-THC 21317939:21326342,2023-08-31 7:00,12.98608333,63.72708333,6.266,-73.586583,45.465944,2023-08-31 7:00
S-THC 21317940:21326448,2023-08-31 7:00,11.88325,68.1535,6.209666667,-73.648944,45.493556,2023-08-31 7:00
S-THC 21317941:21348257,2023-08-31 7:00,11.9655,65.65625,5.744916667,-73.573583,45.593194,2023-08-31 7:00
S-THC 21317942:21326340,2023-08-31 7:00,11.56875,75.09175,7.31675,-73.556306,45.575694,2023-08-31 7:00
S-THC 21317943:21326444,2023-08-31 7:00,10.05491667,88.85141667,8.305,-73.568444,45.593944,2023-08-31 7:00
S-THC 21317947:21348259,2023-08-31 7:00,12.17466667,68.84816667,6.62425,-73.615361,45.524389,2023-08-31 7:00
S-THC 21317948:21326445,2023-08-31 7:00,14.4035,60.895,6.961666667,-73.519722,45.580972,2023-08-31 7:00
S-THC 21317949:21206231,2023-08-31 7:00,12.58941667,66.21833333,6.436166667,-73.624667,45.57175,2023-08-31 7:00
S-THC 21317950:21326337,2023-08-31 7:00,12.11925,65.36766667,5.819083333,-73.644056,45.53125,2023-08-31 7:00
S-THC 21317953:21348258,2023-08-31 7:00,12.17466667,67.77241667,6.40225,-73.559639,45.573333,2023-08-31 7:00
S-THC 21317958:21206230,2023-08-31 7:00,11.31658333,70.97816667,6.252416667,-73.597917,45.585361,2023-08-31 7:00
S-THC 21317959:21326443,2023-08-31 7:00,11.99591667,65.73483333,5.7895,-73.521556,45.586333,2023-08-31 7:00
S-THC 21317960:21336805,2023-08-31 7:00,11.82241667,70.49608333,6.640333333,-73.596472,45.586306,2023-08-31 7:00
S-THC 21317937:21326446,2023-08-31 8:00,14.40333333,59.04766667,6.505833333,-73.535417,45.511028,2023-08-31 8:00
S-THC 21317938:21206238,2023-08-31 8:00,12.93241667,64.90991667,6.489083333,-73.532472,45.518028,2023-08-31 8:00
S-THC 21317939:21326342,2023-08-31 8:00,15.01108333,54.57125,5.928833333,-73.586583,45.465944,2023-08-31 8:00
S-THC 21317940:21326448,2023-08-31 8:00,12.8735,61.13191667,5.56475,-73.648944,45.493556,2023-08-31 8:00
S-THC 21317941:21348257,2023-08-31 8:00,13.71183333,56.13008333,5.119333333,-73.573583,45.593194,2023-08-31 8:00
S-THC 21317942:21326340,2023-08-31 8:00,12.95041667,66.22941667,6.786583333,-73.556306,45.575694,2023-08-31 8:00
S-THC 21317943:21326444,2023-08-31 8:00,11.3775,80.95466667,8.204666667,-73.568444,45.593944,2023-08-31 8:00
S-THC 21317947:21348259,2023-08-31 8:00,14.32841667,58.42966667,6.273583333,-73.615361,45.524389,2023-08-31 8:00
S-THC 21317948:21326445,2023-08-31 8:00,15.692,53.21066667,6.19875,-73.519722,45.580972,2023-08-31 8:00
S-THC 21317949:21206231,2023-08-31 8:00,14.51241667,57.4385,6.218666667,-73.624667,45.57175,2023-08-31 8:00
S-THC 21317950:21326337,2023-08-31 8:00,14.0835,56.1945,5.49075,-73.644056,45.53125,2023-08-31 8:00
S-THC 21317953:21348258,2023-08-31 8:00,13.62591667,58.72341667,5.69375,-73.559639,45.573333,2023-08-31 8:00
S-THC 21317958:21206230,2023-08-31 8:00,13.12183333,61.70625,5.92775,-73.597917,45.585361,2023-08-31 8:00
S-THC 21317959:21326443,2023-08-31 8:00,13.7565,57.30466667,5.462,-73.521556,45.586333,2023-08-31 8:00
S-THC 21317960:21336805,2023-08-31 8:00,13.23633333,63.04191667,6.35725,-73.596472,45.586306,2023-08-31 8:00
S-THC 21317937:21326446,2023-08-31 21:00,18.2015,66.40275,11.85508333,-73.535417,45.511028,2023-08-31 21:00
S-THC 21317938:21206238,2023-08-31 21:00,16.36041667,77.96033333,12.52241667,-73.532472,45.518028,2023-08-31 21:00
S-THC 21317939:21326342,2023-08-31 21:00,17.937,64.59033333,11.18358333,-73.586583,45.465944,2023-08-31 21:00
S-THC 21317940:21326448,2023-08-31 21:00,18.59108333,60.62466667,10.84608333,-73.648944,45.493556,2023-08-31 21:00
S-THC 21317941:21348257,2023-08-31 21:00,18.11375,64.92883333,11.43,-73.573583,45.593194,2023-08-31 21:00
S-THC 21317942:21326340,2023-08-31 21:00,16.93783333,73.54508333,12.19366667,-73.556306,45.575694,2023-08-31 21:00
S-THC 21317943:21326444,2023-08-31 21:00,14.50691667,85.5085,12.12225,-73.568444,45.593944,2023-08-31 21:00
S-THC 21317947:21348259,2023-08-31 21:00,17.03966667,70.52741667,11.65558333,-73.615361,45.524389,2023-08-31 21:00
S-THC 21317948:21326445,2023-08-31 21:00,17.47041667,66.74316667,11.23525,-73.519722,45.580972,2023-08-31 21:00
S-THC 21317949:21206231,2023-08-31 21:00,17.43825,65.79683333,10.98741667,-73.624667,45.57175,2023-08-31 21:00
S-THC 21317950:21326337,2023-08-31 21:00,18.21575,64.97391667,11.53775,-73.644056,45.53125,2023-08-31 21:00
S-THC 21317953:21348258,2023-08-31 21:00,17.07358333,68.86391667,11.31658333,-73.559639,45.573333,2023-08-31 21:00
S-THC 21317958:21206230,2023-08-31 21:00,18.02266667,66.48608333,11.70225,-73.597917,45.585361,2023-08-31 21:00
S-THC 21317959:21326443,2023-08-31 21:00,18.01741667,61.81141667,10.59633333,-73.521556,45.586333,2023-08-31 21:00
S-THC 21317960:21336805,2023-08-31 21:00,17.27758333,66.431,10.98066667,-73.596472,45.586306,2023-08-31 21:00
